MDate,TradeDate,TraderId,IAccountId,CommodityId,BS,Qty,Price
2023-02-22 09:05:40,2023-02-22,K36,NV3F,00878,S,2000,17.0
2023-02-22 09:05:40,2023-02-22,K36,NV3F,00878,S,5000,17.0
2023-02-22 09:05:41,2023-02-22,K36,NV3F,00878,S,10000,17.0
2023-02-22 09:05:41,2023-02-22,K36,NV3F,00878,S,1000,17.0
2023-02-22 09:05:41,2023-02-22,K36,NV3F,00878,S,1000,17.0
2023-02-22 09:05:42,2023-02-22,K36,NV3F,00878,S,10000,17.0
2023-02-22 09:05:42,2023-02-22,K36,NV3F,00878,S,2000,17.0
2023-02-22 09:05:42,2023-02-22,K36,NV3F,00878,S,2000,17.0
2023-02-22 09:05:42,2023-02-22,K36,NV3F,00878,S,1000,17.0
2023-02-22 09:05:42,2023-02-22,K36,NV3F,00878,S,1000,17.0
2023-02-22 09:05:42,2023-02-22,K36,NV3F,00878,S,5000,17.0
2023-02-22 09:05:43,2023-02-22,K36,NV3F,00878,S,2000,17.0
2023-02-22 09:05:43,2023-02-22,K36,NV3F,00878,S,1000,17.0
2023-02-22 09:05:43,2023-02-22,K36,NV3F,00878,S,3000,17.0
2023-02-22 09:05:43,2023-02-22,K36,NV3F,00878,S,3000,17.0
2023-02-22 09:05:44,2023-02-22,K36,NV3F,00878,S,1000,17.0
2023-02-22 09:05:44,2023-02-22,K36,NV3F,00878,S,3000,17.0
2023-02-22 09:05:44,2023-02-22,K36,NV3F,00878,S,1000,17.0
2023-02-22 09:05:44,2023-02-22,K36,NV3F,00878,S,7000,17.0
2023-02-22 09:05:44,2023-02-22,K36,NV3F,00878,S,10000,17.0
2023-02-22 09:05:45,2023-02-22,K36,NV3F,00878,S,2000,17.0
2023-02-22 09:05:45,2023-02-22,K36,NV3F,00878,S,1000,17.0
2023-02-22 09:05:46,2023-02-22,K36,NV3F,00878,S,1000,17.0
2023-02-22 09:05:46,2023-02-22,K36,NV3F,00878,S,1000,17.0
2023-02-22 09:05:47,2023-02-22,K36,NV3F,00878,S,1000,17.0
2023-02-22 09:05:47,2023-02-22,K36,NV3F,00878,S,1000,17.0
2023-02-22 09:05:47,2023-02-22,K36,NV3F,00878,S,1000,17.0
2023-02-22 09:07:07,2023-02-22,K36,NV3F,00878,S,3000,16.98
2023-02-22 09:07:07,2023-02-22,K36,NV3F,00878,S,1000,16.98
2023-02-22 09:07:07,2023-02-22,K36,NV3F,00878,S,2000,16.98
2023-02-22 09:07:07,2023-02-22,K36,NV3F,00878,S,20000,16.98
2023-02-22 09:07:07,2023-02-22,K36,NV3F,00878,S,1000,16.98
2023-02-22 09:07:08,2023-02-22,K36,NV3F,00878,S,2000,16.98
2023-02-22 09:07:08,2023-02-22,K36,NV3F,00878,S,10000,16.98
2023-02-22 09:07:08,2023-02-22,K36,NV3F,00878,S,2000,16.98
2023-02-22 09:07:08,2023-02-22,K36,NV3F,00878,S,2000,16.98
2023-02-22 09:07:08,2023-02-22,K36,NV3F,00878,S,1000,16.98
2023-02-22 09:07:08,2023-02-22,K36,NV3F,00878,S,2000,16.98
2023-02-22 09:07:08,2023-02-22,K36,NV3F,00878,S,1000,16.98
2023-02-22 09:07:08,2023-02-22,K36,NV3F,00878,S,1000,16.98
2023-02-22 09:07:09,2023-02-22,K36,NV3F,00878,S,2000,16.98
2023-02-22 09:07:09,2023-02-22,K36,NV3F,00878,S,10000,16.98
2023-02-22 09:07:09,2023-02-22,K36,NV3F,00878,S,1000,16.98
2023-02-22 09:07:09,2023-02-22,K36,NV3F,00878,S,2000,16.98
2023-02-22 09:07:09,2023-02-22,K36,NV3F,00878,S,10000,16.98
2023-02-22 09:07:09,2023-02-22,K36,NV3F,00878,S,1000,16.98
2023-02-22 09:07:10,2023-02-22,K36,NV3F,00878,S,1000,16.98
2023-02-22 09:07:10,2023-02-22,K36,NV3F,00878,S,2000,16.98
2023-02-22 09:07:10,2023-02-22,K36,NV3F,00878,S,1000,16.98
2023-02-22 09:07:10,2023-02-22,K36,NV3F,00878,S,22000,16.98
2023-02-22 09:08:19,2023-02-22,K36,NV3F,00878,S,1000,16.98
2023-02-22 09:08:19,2023-02-22,K36,NV3F,00878,S,1000,16.98
2023-02-22 09:08:19,2023-02-22,K36,NV3F,00878,S,1000,16.98
2023-02-22 09:08:19,2023-02-22,K36,NV3F,00878,S,2000,16.98
2023-02-22 09:08:19,2023-02-22,K36,NV3F,00878,S,5000,16.98
2023-02-22 09:08:19,2023-02-22,K36,NV3F,00878,S,1000,16.98
2023-02-22 09:08:19,2023-02-22,K36,NV3F,00878,S,3000,16.98
2023-02-22 09:08:19,2023-02-22,K36,NV3F,00878,S,1000,16.98
2023-02-22 09:08:19,2023-02-22,K36,NV3F,00878,S,10000,16.98
2023-02-22 09:08:20,2023-02-22,K36,NV3F,00878,S,1000,16.98
2023-02-22 09:08:20,2023-02-22,K36,NV3F,00878,S,2000,16.98
2023-02-22 09:08:20,2023-02-22,K36,NV3F,00878,S,1000,16.98
2023-02-22 09:08:20,2023-02-22,K36,NV3F,00878,S,1000,16.98
2023-02-22 09:08:20,2023-02-22,K36,NV3F,00878,S,3000,16.98
2023-02-22 09:08:20,2023-02-22,K36,NV3F,00878,S,1000,16.98
2023-02-22 09:08:20,2023-02-22,K36,NV3F,00878,S,2000,16.98
2023-02-22 09:08:20,2023-02-22,K36,NV3F,00878,S,5000,16.98
2023-02-22 09:08:20,2023-02-22,K36,NV3F,00878,S,1000,16.98
2023-02-22 09:08:20,2023-02-22,K36,NV3F,00878,S,20000,16.98
2023-02-22 09:08:21,2023-02-22,K36,NV3F,00878,S,2000,16.98
2023-02-22 09:08:21,2023-02-22,K36,NV3F,00878,S,10000,16.98
2023-02-22 09:08:21,2023-02-22,K36,NV3F,00878,S,1000,16.98
2023-02-22 09:08:21,2023-02-22,K36,NV3F,00878,S,2000,16.98
2023-02-22 09:08:22,2023-02-22,K36,NV3F,00878,S,1000,16.98
2023-02-22 09:08:22,2023-02-22,K36,NV3F,00878,S,1000,16.98
2023-02-22 09:08:22,2023-02-22,K36,NV3F,00878,S,1000,16.98
2023-02-22 09:08:22,2023-02-22,K36,NV3F,00878,S,2000,16.98
2023-02-22 09:08:22,2023-02-22,K36,NV3F,00878,S,2000,16.98
2023-02-22 09:08:22,2023-02-22,K36,NV3F,00878,S,2000,16.98
2023-02-22 09:08:22,2023-02-22,K36,NV3F,00878,S,5000,16.98
2023-02-22 09:08:22,2023-02-22,K36,NV3F,00878,S,2000,16.98
2023-02-22 09:08:22,2023-02-22,K36,NV3F,00878,S,1000,16.98
2023-02-22 09:08:22,2023-02-22,K36,NV3F,00878,S,1000,16.98
2023-02-22 09:08:22,2023-02-22,K36,NV3F,00878,S,1000,16.98
2023-02-22 09:09:46,2023-02-22,K36,NV3F,00878,S,2000,16.98
2023-02-22 09:09:46,2023-02-22,K36,NV3F,00878,S,2000,16.98
2023-02-22 09:09:46,2023-02-22,K36,NV3F,00878,S,1000,16.98
2023-02-22 09:09:47,2023-02-22,K36,NV3F,00878,S,1000,16.98
2023-02-22 09:09:47,2023-02-22,K36,NV3F,00878,S,10000,16.98
2023-02-22 09:09:47,2023-02-22,K36,NV3F,00878,S,1000,16.98
2023-02-22 09:09:47,2023-02-22,K36,NV3F,00878,S,1000,16.98
2023-02-22 09:09:47,2023-02-22,K36,NV3F,00878,S,2000,16.98
2023-02-22 09:09:48,2023-02-22,K36,NV3F,00878,S,3000,16.98
2023-02-22 09:09:48,2023-02-22,K36,NV3F,00878,S,1000,16.98
2023-02-22 09:09:48,2023-02-22,K36,NV3F,00878,S,1000,16.98
2023-02-22 09:09:48,2023-02-22,K36,NV3F,00878,S,1000,16.98
2023-02-22 09:09:48,2023-02-22,K36,NV3F,00878,S,1000,16.98
2023-02-22 09:09:48,2023-02-22,K36,NV3F,00878,S,1000,16.98
2023-02-22 09:09:48,2023-02-22,K36,NV3F,00878,S,5000,16.98
2023-02-22 09:09:48,2023-02-22,K36,NV3F,00878,S,1000,16.98
2023-02-22 09:09:48,2023-02-22,K36,NV3F,00878,S,5000,16.98
2023-02-22 09:09:48,2023-02-22,K36,NV3F,00878,S,1000,16.98
2023-02-22 09:09:49,2023-02-22,K36,NV3F,00878,S,1000,16.98
2023-02-22 09:09:49,2023-02-22,K36,NV3F,00878,S,10000,16.98
2023-02-22 09:09:49,2023-02-22,K36,NV3F,00878,S,1000,16.98
2023-02-22 09:09:49,2023-02-22,K36,NV3F,00878,S,5000,16.98
2023-02-22 09:09:49,2023-02-22,K36,NV3F,00878,S,1000,16.98
2023-02-22 09:09:49,2023-02-22,K36,NV3F,00878,S,1000,16.98
2023-02-22 09:09:49,2023-02-22,K36,NV3F,00878,S,1000,16.98
2023-02-22 09:09:49,2023-02-22,K36,NV3F,00878,S,1000,16.98
2023-02-22 09:09:49,2023-02-22,K36,NV3F,00878,S,1000,16.98
2023-02-22 09:09:49,2023-02-22,K36,NV3F,00878,S,2000,16.98
2023-02-22 09:09:50,2023-02-22,K36,NV3F,00878,S,2000,16.98
2023-02-22 09:09:50,2023-02-22,K36,NV3F,00878,S,1000,16.98
2023-02-22 09:09:50,2023-02-22,K36,NV3F,00878,S,2000,16.98
2023-02-22 09:09:50,2023-02-22,K36,NV3F,00878,S,4000,16.98
2023-02-22 09:09:50,2023-02-22,K36,NV3F,00878,S,1000,16.98
2023-02-22 09:09:50,2023-02-22,K36,NV3F,00878,S,2000,16.98
2023-02-22 09:09:51,2023-02-22,K36,NV3F,00878,S,1000,16.98
2023-02-22 09:09:51,2023-02-22,K36,NV3F,00878,S,1000,16.98
2023-02-22 09:09:51,2023-02-22,K36,NV3F,00878,S,2000,16.98
2023-02-22 09:09:51,2023-02-22,K36,NV3F,00878,S,1000,16.98
2023-02-22 09:09:51,2023-02-22,K36,NV3F,00878,S,1000,16.98
2023-02-22 09:09:51,2023-02-22,K36,NV3F,00878,S,1000,16.98
2023-02-22 09:09:51,2023-02-22,K36,NV3F,00878,S,2000,16.98
2023-02-22 09:09:52,2023-02-22,K36,NV3F,00878,S,10000,16.98
2023-02-22 09:09:52,2023-02-22,K36,NV3F,00878,S,1000,16.98
2023-02-22 09:09:52,2023-02-22,K36,NV3F,00878,S,1000,16.98
2023-02-22 09:09:52,2023-02-22,K36,NV3F,00878,S,2000,16.98
2023-02-22 09:09:52,2023-02-22,K36,NV3F,00878,S,1000,16.98
2023-02-22 09:09:52,2023-02-22,K36,NV3F,00878,S,5000,16.98
2023-02-22 09:09:52,2023-02-22,K36,NV3F,00878,S,1000,16.98
2023-02-22 09:09:52,2023-02-22,K36,NV3F,00878,S,1000,16.98
2023-02-22 09:10:29,2023-02-22,K36,NV3F,00878,S,1000,16.98
2023-02-22 09:10:29,2023-02-22,K36,NV3F,00878,S,1000,16.98
2023-02-22 09:10:29,2023-02-22,K36,NV3F,00878,S,2000,16.98
2023-02-22 09:10:29,2023-02-22,K36,NV3F,00878,S,2000,16.98
2023-02-22 09:10:29,2023-02-22,K36,NV3F,00878,S,10000,16.98
2023-02-22 09:10:30,2023-02-22,K36,NV3F,00878,S,2000,16.98
2023-02-22 09:10:30,2023-02-22,K36,NV3F,00878,S,1000,16.98
2023-02-22 09:10:30,2023-02-22,K36,NV3F,00878,S,10000,16.98
2023-02-22 09:10:30,2023-02-22,K36,NV3F,00878,S,3000,16.98
2023-02-22 09:10:30,2023-02-22,K36,NV3F,00878,S,10000,16.98
2023-02-22 09:10:30,2023-02-22,K36,NV3F,00878,S,1000,16.98
2023-02-22 09:10:30,2023-02-22,K36,NV3F,00878,S,10000,16.98
2023-02-22 09:10:30,2023-02-22,K36,NV3F,00878,S,2000,16.98
2023-02-22 09:10:30,2023-02-22,K36,NV3F,00878,S,1000,16.98
2023-02-22 09:10:31,2023-02-22,K36,NV3F,00878,S,5000,16.98
2023-02-22 09:10:31,2023-02-22,K36,NV3F,00878,S,2000,16.98
2023-02-22 09:10:31,2023-02-22,K36,NV3F,00878,S,1000,16.98
2023-02-22 09:10:31,2023-02-22,K36,NV3F,00878,S,1000,16.98
2023-02-22 09:10:31,2023-02-22,K36,NV3F,00878,S,2000,16.98
2023-02-22 09:10:31,2023-02-22,K36,NV3F,00878,S,1000,16.98
2023-02-22 09:10:31,2023-02-22,K36,NV3F,00878,S,1000,16.98
2023-02-22 09:10:32,2023-02-22,K36,NV3F,00878,S,1000,16.98
2023-02-22 09:10:32,2023-02-22,K36,NV3F,00878,S,2000,16.98
2023-02-22 09:10:32,2023-02-22,K36,NV3F,00878,S,2000,16.98
2023-02-22 09:10:32,2023-02-22,K36,NV3F,00878,S,2000,16.98
2023-02-22 09:10:32,2023-02-22,K36,NV3F,00878,S,1000,16.98
2023-02-22 09:10:32,2023-02-22,K36,NV3F,00878,S,1000,16.98
2023-02-22 09:10:32,2023-02-22,K36,NV3F,00878,S,1000,16.98
2023-02-22 09:10:32,2023-02-22,K36,NV3F,00878,S,1000,16.98
2023-02-22 09:10:32,2023-02-22,K36,NV3F,00878,S,3000,16.98
2023-02-22 09:10:32,2023-02-22,K36,NV3F,00878,S,5000,16.98
2023-02-22 09:10:33,2023-02-22,K36,NV3F,00878,S,1000,16.98
2023-02-22 09:10:33,2023-02-22,K36,NV3F,00878,S,1000,16.98
2023-02-22 09:10:33,2023-02-22,K36,NV3F,00878,S,5000,16.98
2023-02-22 09:10:33,2023-02-22,K36,NV3F,00878,S,2000,16.98
2023-02-22 09:10:34,2023-02-22,K36,NV3F,00878,S,2000,16.98
2023-02-22 09:10:34,2023-02-22,K36,NV3F,00878,S,1000,16.98
2023-02-22 09:10:34,2023-02-22,K36,NV3F,00878,S,1000,16.98
2023-02-22 09:10:34,2023-02-22,K36,NV3F,00878,S,1000,16.98
2023-02-22 09:10:34,2023-02-22,K36,NV3F,00878,S,2000,16.98
2023-02-22 09:10:34,2023-02-22,K36,NV3F,00878,S,1000,16.98
2023-02-22 09:10:34,2023-02-22,K36,NV3F,00878,S,1000,16.98
2023-02-22 09:10:34,2023-02-22,K36,NV3F,00878,S,1000,16.98
2023-02-22 09:10:34,2023-02-22,K36,NV3F,00878,S,1000,16.98
2023-02-22 09:10:34,2023-02-22,K36,NV3F,00878,S,1000,16.98
2023-02-22 09:10:35,2023-02-22,K36,NV3F,00878,S,1000,16.98
2023-02-22 09:10:35,2023-02-22,K36,NV3F,00878,S,1000,16.98
2023-02-22 09:10:35,2023-02-22,K36,NV3F,00878,S,1000,16.98
2023-02-22 09:10:35,2023-02-22,K36,NV3F,00878,S,1000,16.98
2023-02-22 09:10:35,2023-02-22,K36,NV3F,00878,S,10000,16.98
2023-02-22 09:10:35,2023-02-22,K36,NV3F,00878,S,1000,16.98
2023-02-22 09:12:39,2023-02-22,K36,NV3F,00878,S,28000,16.98
2023-02-22 09:12:39,2023-02-22,K36,NV3F,00878,S,1000,16.98
2023-02-22 09:12:39,2023-02-22,K36,NV3F,00878,S,2000,16.98
2023-02-22 09:12:39,2023-02-22,K36,NV3F,00878,S,1000,16.98
2023-02-22 09:12:39,2023-02-22,K36,NV3F,00878,S,5000,16.98
2023-02-22 09:12:39,2023-02-22,K36,NV3F,00878,S,2000,16.98
2023-02-22 09:12:39,2023-02-22,K36,NV3F,00878,S,5000,16.98
2023-02-22 09:12:39,2023-02-22,K36,NV3F,00878,S,1000,16.98
2023-02-22 09:12:39,2023-02-22,K36,NV3F,00878,S,1000,16.98
2023-02-22 09:12:39,2023-02-22,K36,NV3F,00878,S,3000,16.98
2023-02-22 09:12:39,2023-02-22,K36,NV3F,00878,S,1000,16.98
2023-02-22 09:12:39,2023-02-22,K36,NV3F,00878,S,1000,16.98
2023-02-22 09:12:40,2023-02-22,K36,NV3F,00878,S,2000,16.98
2023-02-22 09:12:40,2023-02-22,K36,NV3F,00878,S,1000,16.98
2023-02-22 09:12:40,2023-02-22,K36,NV3F,00878,S,1000,16.98
2023-02-22 09:12:40,2023-02-22,K36,NV3F,00878,S,10000,16.98
2023-02-22 09:12:40,2023-02-22,K36,NV3F,00878,S,2000,16.98
2023-02-22 09:12:40,2023-02-22,K36,NV3F,00878,S,1000,16.98
2023-02-22 09:12:40,2023-02-22,K36,NV3F,00878,S,1000,16.98
2023-02-22 09:12:40,2023-02-22,K36,NV3F,00878,S,1000,16.98
2023-02-22 09:12:41,2023-02-22,K36,NV3F,00878,S,1000,16.98
2023-02-22 09:12:41,2023-02-22,K36,NV3F,00878,S,9000,16.98
2023-02-22 09:12:41,2023-02-22,K36,NV3F,00878,S,1000,16.98
2023-02-22 09:12:41,2023-02-22,K36,NV3F,00878,S,1000,16.98
2023-02-22 09:12:41,2023-02-22,K36,NV3F,00878,S,1000,16.98
2023-02-22 09:12:41,2023-02-22,K36,NV3F,00878,S,2000,16.98
2023-02-22 09:12:41,2023-02-22,K36,NV3F,00878,S,1000,16.98
2023-02-22 09:12:41,2023-02-22,K36,NV3F,00878,S,3000,16.98
2023-02-22 09:12:41,2023-02-22,K36,NV3F,00878,S,1000,16.98
2023-02-22 09:12:41,2023-02-22,K36,NV3F,00878,S,8000,16.98
2023-02-22 09:12:41,2023-02-22,K36,NV3F,00878,S,1000,16.98
2023-02-22 09:12:41,2023-02-22,K36,NV3F,00878,S,10000,16.98
2023-02-22 09:12:42,2023-02-22,K36,NV3F,00878,S,3000,16.98
2023-02-22 09:12:42,2023-02-22,K36,NV3F,00878,S,10000,16.98
2023-02-22 09:32:16,2023-02-22,K36,NV3F,00878,S,19000,17.02
2023-02-22 09:32:20,2023-02-22,K36,NV3F,00878,S,1000,17.02
2023-02-22 09:32:22,2023-02-22,K36,NV3F,00878,S,4000,17.02
2023-02-22 09:32:22,2023-02-22,K36,NV3F,00878,S,1000,17.02
2023-02-22 09:32:22,2023-02-22,K36,NV3F,00878,S,1000,17.02
2023-02-22 09:32:24,2023-02-22,K36,NV3F,00878,S,10000,17.02
2023-02-22 09:32:30,2023-02-22,K36,NV3F,00878,S,1000,17.02
2023-02-22 09:32:31,2023-02-22,K36,NV3F,00878,S,4000,17.02
2023-02-22 09:32:32,2023-02-22,K36,NV3F,00878,S,1000,17.02
2023-02-22 09:32:33,2023-02-22,K36,NV3F,00878,S,1000,17.02
2023-02-22 09:32:35,2023-02-22,K36,NV3F,00878,S,5000,17.02
2023-02-22 09:32:37,2023-02-22,K36,NV3F,00878,S,3000,17.02
2023-02-22 09:32:38,2023-02-22,K36,NV3F,00878,S,5000,17.02
2023-02-22 09:32:40,2023-02-22,K36,NV3F,00878,S,1000,17.02
2023-02-22 09:32:40,2023-02-22,K36,NV3F,00878,S,3000,17.02
2023-02-22 09:32:42,2023-02-22,K36,NV3F,00878,S,1000,17.02
2023-02-22 09:32:42,2023-02-22,K36,NV3F,00878,S,1000,17.02
2023-02-22 09:32:43,2023-02-22,K36,NV3F,00878,S,4000,17.02
2023-02-22 09:32:44,2023-02-22,K36,NV3F,00878,S,1000,17.02
2023-02-22 09:32:45,2023-02-22,K36,NV3F,00878,S,1000,17.02
2023-02-22 09:32:46,2023-02-22,K36,NV3F,00878,S,4000,17.02
2023-02-22 09:32:46,2023-02-22,K36,NV3F,00878,S,5000,17.02
2023-02-22 09:32:46,2023-02-22,K36,NV3F,00878,S,1000,17.02
2023-02-22 09:32:47,2023-02-22,K36,NV3F,00878,S,5000,17.02
2023-02-22 09:32:47,2023-02-22,K36,NV3F,00878,S,5000,17.02
2023-02-22 09:32:48,2023-02-22,K36,NV3F,00878,S,1000,17.02
2023-02-22 09:32:49,2023-02-22,K36,NV3F,00878,S,1000,17.02
2023-02-22 09:32:50,2023-02-22,K36,NV3F,00878,S,2000,17.02
2023-02-22 09:32:51,2023-02-22,K36,NV3F,00878,S,2000,17.02
2023-02-22 09:32:52,2023-02-22,K36,NV3F,00878,S,1000,17.02
2023-02-22 09:32:52,2023-02-22,K36,NV3F,00878,S,1000,17.02
2023-02-22 09:32:52,2023-02-22,K36,NV3F,00878,S,1000,17.02
2023-02-22 09:32:52,2023-02-22,K36,NV3F,00878,S,3000,17.02
2023-02-22 09:32:53,2023-02-22,K36,NV3F,00878,S,1000,17.02
2023-02-22 09:32:54,2023-02-22,K36,NV3F,00878,S,1000,17.02
2023-02-22 09:32:54,2023-02-22,K36,NV3F,00878,S,1000,17.02
2023-02-22 09:32:55,2023-02-22,K36,NV3F,00878,S,1000,17.02
2023-02-22 09:32:55,2023-02-22,K36,NV3F,00878,S,1000,17.02
2023-02-22 09:32:55,2023-02-22,K36,NV3F,00878,S,1000,17.02
2023-02-22 09:32:57,2023-02-22,K36,NV3F,00878,S,1000,17.02
2023-02-22 09:32:58,2023-02-22,K36,NV3F,00878,S,1000,17.02
2023-02-22 09:32:58,2023-02-22,K36,NV3F,00878,S,5000,17.02
2023-02-22 09:32:58,2023-02-22,K36,NV3F,00878,S,2000,17.02
2023-02-22 09:32:59,2023-02-22,K36,NV3F,00878,S,1000,17.02
2023-02-22 09:32:59,2023-02-22,K36,NV3F,00878,S,1000,17.02
2023-02-22 09:32:59,2023-02-22,K36,NV3F,00878,S,4000,17.02
2023-02-22 09:35:44,2023-02-22,K36,NV3F,00878,S,1000,17.01
2023-02-22 09:35:45,2023-02-22,K36,NV3F,00878,S,1000,17.01
2023-02-22 09:35:46,2023-02-22,K36,NV3F,00878,S,2000,17.01
2023-02-22 09:35:46,2023-02-22,K36,NV3F,00878,S,1000,17.01
2023-02-22 09:35:47,2023-02-22,K36,NV3F,00878,S,10000,17.01
2023-02-22 09:35:47,2023-02-22,K36,NV3F,00878,S,2000,17.01
2023-02-22 09:35:48,2023-02-22,K36,NV3F,00878,S,10000,17.01
2023-02-22 09:35:48,2023-02-22,K36,NV3F,00878,S,1000,17.01
2023-02-22 09:35:49,2023-02-22,K36,NV3F,00878,S,5000,17.01
2023-02-22 09:35:50,2023-02-22,K36,NV3F,00878,S,1000,17.01
2023-02-22 09:35:51,2023-02-22,K36,NV3F,00878,S,5000,17.01
2023-02-22 09:35:51,2023-02-22,K36,NV3F,00878,S,2000,17.01
2023-02-22 09:35:51,2023-02-22,K36,NV3F,00878,S,1000,17.01
2023-02-22 09:35:51,2023-02-22,K36,NV3F,00878,S,3000,17.01
2023-02-22 09:35:52,2023-02-22,K36,NV3F,00878,S,2000,17.01
2023-02-22 09:35:54,2023-02-22,K36,NV3F,00878,S,1000,17.01
2023-02-22 09:35:54,2023-02-22,K36,NV3F,00878,S,3000,17.01
2023-02-22 09:35:55,2023-02-22,K36,NV3F,00878,S,2000,17.01
2023-02-22 09:35:55,2023-02-22,K36,NV3F,00878,S,1000,17.01
2023-02-22 09:35:55,2023-02-22,K36,NV3F,00878,S,1000,17.01
2023-02-22 09:35:55,2023-02-22,K36,NV3F,00878,S,1000,17.01
2023-02-22 09:35:55,2023-02-22,K36,NV3F,00878,S,2000,17.01
2023-02-22 09:35:57,2023-02-22,K36,NV3F,00878,S,1000,17.01
2023-02-22 09:35:57,2023-02-22,K36,NV3F,00878,S,1000,17.01
2023-02-22 09:35:58,2023-02-22,K36,NV3F,00878,S,1000,17.01
2023-02-22 09:35:58,2023-02-22,K36,NV3F,00878,S,1000,17.01
2023-02-22 09:35:59,2023-02-22,K36,NV3F,00878,S,1000,17.01
2023-02-22 09:35:59,2023-02-22,K36,NV3F,00878,S,1000,17.01
2023-02-22 09:35:59,2023-02-22,K36,NV3F,00878,S,30000,17.01
2023-02-22 09:36:00,2023-02-22,K36,NV3F,00878,S,1000,17.01
2023-02-22 09:36:01,2023-02-22,K36,NV3F,00878,S,1000,17.01
2023-02-22 09:36:02,2023-02-22,K36,NV3F,00878,S,2000,17.01
2023-02-22 09:36:02,2023-02-22,K36,NV3F,00878,S,3000,17.01
2023-02-22 09:36:03,2023-02-22,K36,NV3F,00878,S,1000,17.01
2023-02-22 09:36:03,2023-02-22,K36,NV3F,00878,S,2000,17.01
2023-02-22 09:36:05,2023-02-22,K36,NV3F,00878,S,1000,17.01
2023-02-22 09:36:05,2023-02-22,K36,NV3F,00878,S,2000,17.01
2023-02-22 09:36:05,2023-02-22,K36,NV3F,00878,S,1000,17.01
2023-02-22 09:36:05,2023-02-22,K36,NV3F,00878,S,5000,17.01
2023-02-22 09:36:05,2023-02-22,K36,NV3F,00878,S,1000,17.01
2023-02-22 09:36:06,2023-02-22,K36,NV3F,00878,S,1000,17.01
2023-02-22 09:36:07,2023-02-22,K36,NV3F,00878,S,3000,17.01
2023-02-22 09:36:09,2023-02-22,K36,NV3F,00878,S,1000,17.01
2023-02-22 09:36:09,2023-02-22,K36,NV3F,00878,S,2000,17.01
2023-02-22 09:36:10,2023-02-22,K36,NV3F,00878,S,1000,17.01
2023-02-22 09:36:10,2023-02-22,K36,NV3F,00878,S,1000,17.01
2023-02-22 09:36:10,2023-02-22,K36,NV3F,00878,S,5000,17.01
2023-02-22 09:36:10,2023-02-22,K36,NV3F,00878,S,1000,17.01
2023-02-22 09:36:11,2023-02-22,K36,NV3F,00878,S,1000,17.01
2023-02-22 09:36:12,2023-02-22,K36,NV3F,00878,S,1000,17.01
2023-02-22 09:36:13,2023-02-22,K36,NV3F,00878,S,1000,17.01
2023-02-22 09:36:15,2023-02-22,K36,NV3F,00878,S,1000,17.01
2023-02-22 09:36:16,2023-02-22,K36,NV3F,00878,S,1000,17.01
2023-02-22 09:36:16,2023-02-22,K36,NV3F,00878,S,2000,17.01
2023-02-22 09:36:16,2023-02-22,K36,NV3F,00878,S,5000,17.01
2023-02-22 09:36:17,2023-02-22,K36,NV3F,00878,S,2000,17.01
2023-02-22 09:37:21,2023-02-22,K36,NV3F,00878,S,4000,17.02
2023-02-22 09:37:21,2023-02-22,K36,NV3F,00878,S,2000,17.02
2023-02-22 09:37:23,2023-02-22,K36,NV3F,00878,S,3000,17.02
2023-02-22 09:37:24,2023-02-22,K36,NV3F,00878,S,4000,17.02
2023-02-22 09:37:25,2023-02-22,K36,NV3F,00878,S,1000,17.02
2023-02-22 09:37:25,2023-02-22,K36,NV3F,00878,S,1000,17.02
2023-02-22 09:37:25,2023-02-22,K36,NV3F,00878,S,1000,17.02
2023-02-22 09:37:27,2023-02-22,K36,NV3F,00878,S,3000,17.02
2023-02-22 09:37:31,2023-02-22,K36,NV3F,00878,S,1000,17.02
2023-02-22 09:37:33,2023-02-22,K36,NV3F,00878,S,3000,17.02
2023-02-22 09:37:33,2023-02-22,K36,NV3F,00878,S,1000,17.02
2023-02-22 09:37:34,2023-02-22,K36,NV3F,00878,S,5000,17.02
2023-02-22 09:37:38,2023-02-22,K36,NV3F,00878,S,5000,17.02
2023-02-22 09:37:38,2023-02-22,K36,NV3F,00878,S,1000,17.02
2023-02-22 09:37:39,2023-02-22,K36,NV3F,00878,S,5000,17.02
2023-02-22 09:37:39,2023-02-22,K36,NV3F,00878,S,1000,17.02
2023-02-22 09:37:40,2023-02-22,K36,NV3F,00878,S,5000,17.02
2023-02-22 09:37:41,2023-02-22,K36,NV3F,00878,S,6000,17.02
2023-02-22 09:37:41,2023-02-22,K36,NV3F,00878,S,1000,17.02
2023-02-22 09:37:44,2023-02-22,K36,NV3F,00878,S,12000,17.02
2023-02-22 09:37:46,2023-02-22,K36,NV3F,00878,S,1000,17.02
2023-02-22 09:37:46,2023-02-22,K36,NV3F,00878,S,1000,17.02
2023-02-22 09:37:46,2023-02-22,K36,NV3F,00878,S,1000,17.02
2023-02-22 09:37:47,2023-02-22,K36,NV3F,00878,S,2000,17.02
2023-02-22 09:37:49,2023-02-22,K36,NV3F,00878,S,1000,17.02
2023-02-22 09:37:52,2023-02-22,K36,NV3F,00878,S,3000,17.02
2023-02-22 09:37:52,2023-02-22,K36,NV3F,00878,S,2000,17.02
2023-02-22 09:37:52,2023-02-22,K36,NV3F,00878,S,1000,17.02
2023-02-22 09:37:53,2023-02-22,K36,NV3F,00878,S,1000,17.02
2023-02-22 09:37:55,2023-02-22,K36,NV3F,00878,S,35000,17.02
2023-02-22 09:37:55,2023-02-22,K36,NV3F,00878,S,1000,17.02
2023-02-22 09:37:57,2023-02-22,K36,NV3F,00878,S,1000,17.02
2023-02-22 09:37:57,2023-02-22,K36,NV3F,00878,S,1000,17.02
2023-02-22 09:38:01,2023-02-22,K36,NV3F,00878,S,9000,17.02
2023-02-22 09:43:07,2023-02-22,K36,NV3F,00878,S,1000,17.01
2023-02-22 09:43:07,2023-02-22,K36,NV3F,00878,S,2000,17.01
2023-02-22 09:43:07,2023-02-22,K36,NV3F,00878,S,1000,17.01
2023-02-22 09:43:07,2023-02-22,K36,NV3F,00878,S,1000,17.01
2023-02-22 09:43:07,2023-02-22,K36,NV3F,00878,S,1000,17.01
2023-02-22 09:43:07,2023-02-22,K36,NV3F,00878,S,1000,17.01
2023-02-22 09:43:07,2023-02-22,K36,NV3F,00878,S,2000,17.01
2023-02-22 09:43:07,2023-02-22,K36,NV3F,00878,S,2000,17.01
2023-02-22 09:43:07,2023-02-22,K36,NV3F,00878,S,1000,17.01
2023-02-22 09:43:07,2023-02-22,K36,NV3F,00878,S,1000,17.01
2023-02-22 09:43:07,2023-02-22,K36,NV3F,00878,S,50000,17.01
2023-02-22 09:43:07,2023-02-22,K36,NV3F,00878,S,1000,17.01
2023-02-22 09:43:07,2023-02-22,K36,NV3F,00878,S,1000,17.01
2023-02-22 09:43:07,2023-02-22,K36,NV3F,00878,S,5000,17.01
2023-02-22 09:43:07,2023-02-22,K36,NV3F,00878,S,1000,17.01
2023-02-22 09:43:07,2023-02-22,K36,NV3F,00878,S,1000,17.01
2023-02-22 09:43:07,2023-02-22,K36,NV3F,00878,S,10000,17.01
2023-02-22 09:43:07,2023-02-22,K36,NV3F,00878,S,1000,17.01
2023-02-22 09:43:07,2023-02-22,K36,NV3F,00878,S,1000,17.01
2023-02-22 09:43:07,2023-02-22,K36,NV3F,00878,S,3000,17.01
2023-02-22 09:43:07,2023-02-22,K36,NV3F,00878,S,1000,17.01
2023-02-22 09:43:07,2023-02-22,K36,NV3F,00878,S,2000,17.01
2023-02-22 09:43:07,2023-02-22,K36,NV3F,00878,S,2000,17.01
2023-02-22 09:43:07,2023-02-22,K36,NV3F,00878,S,1000,17.01
2023-02-22 09:43:07,2023-02-22,K36,NV3F,00878,S,1000,17.01
2023-02-22 09:43:07,2023-02-22,K36,NV3F,00878,S,1000,17.01
2023-02-22 09:43:07,2023-02-22,K36,NV3F,00878,S,1000,17.01
2023-02-22 09:43:07,2023-02-22,K36,NV3F,00878,S,1000,17.01
2023-02-22 09:43:07,2023-02-22,K36,NV3F,00878,S,1000,17.01
2023-02-22 09:43:07,2023-02-22,K36,NV3F,00878,S,1000,17.01
2023-02-22 09:43:07,2023-02-22,K36,NV3F,00878,S,1000,17.01
2023-02-22 09:43:07,2023-02-22,K36,NV3F,00878,S,1000,17.01
2023-02-22 09:43:07,2023-02-22,K36,NV3F,00878,S,10000,17.01
2023-02-22 09:43:07,2023-02-22,K36,NV3F,00878,S,1000,17.01
2023-02-22 09:43:07,2023-02-22,K36,NV3F,00878,S,1000,17.01
2023-02-22 09:43:07,2023-02-22,K36,NV3F,00878,S,4000,17.01
2023-02-22 09:51:37,2023-02-22,K36,NV3F,00878,S,4000,16.99
2023-02-22 09:51:37,2023-02-22,K36,NV3F,00878,S,1000,16.99
2023-02-22 09:51:37,2023-02-22,K36,NV3F,00878,S,10000,16.99
2023-02-22 09:51:38,2023-02-22,K36,NV3F,00878,S,2000,16.99
2023-02-22 09:51:39,2023-02-22,K36,NV3F,00878,S,2000,16.99
2023-02-22 09:51:39,2023-02-22,K36,NV3F,00878,S,2000,16.99
2023-02-22 09:51:39,2023-02-22,K36,NV3F,00878,S,1000,16.99
2023-02-22 09:51:40,2023-02-22,K36,NV3F,00878,S,1000,16.99
2023-02-22 09:51:40,2023-02-22,K36,NV3F,00878,S,1000,16.99
2023-02-22 09:51:40,2023-02-22,K36,NV3F,00878,S,1000,16.99
2023-02-22 09:51:40,2023-02-22,K36,NV3F,00878,S,1000,16.99
2023-02-22 09:51:40,2023-02-22,K36,NV3F,00878,S,5000,16.99
2023-02-22 09:51:41,2023-02-22,K36,NV3F,00878,S,1000,16.99
2023-02-22 09:51:41,2023-02-22,K36,NV3F,00878,S,1000,16.99
2023-02-22 09:51:41,2023-02-22,K36,NV3F,00878,S,2000,16.99
2023-02-22 09:51:41,2023-02-22,K36,NV3F,00878,S,3000,16.99
2023-02-22 09:51:41,2023-02-22,K36,NV3F,00878,S,2000,16.99
2023-02-22 09:51:41,2023-02-22,K36,NV3F,00878,S,1000,16.99
2023-02-22 09:51:42,2023-02-22,K36,NV3F,00878,S,1000,16.99
2023-02-22 09:51:43,2023-02-22,K36,NV3F,00878,S,3000,16.99
2023-02-22 09:51:43,2023-02-22,K36,NV3F,00878,S,2000,16.99
2023-02-22 09:51:43,2023-02-22,K36,NV3F,00878,S,1000,16.99
2023-02-22 09:51:43,2023-02-22,K36,NV3F,00878,S,2000,16.99
2023-02-22 09:51:43,2023-02-22,K36,NV3F,00878,S,1000,16.99
2023-02-22 09:51:43,2023-02-22,K36,NV3F,00878,S,2000,16.99
2023-02-22 09:51:44,2023-02-22,K36,NV3F,00878,S,1000,16.99
2023-02-22 09:51:44,2023-02-22,K36,NV3F,00878,S,1000,16.99
2023-02-22 09:51:45,2023-02-22,K36,NV3F,00878,S,5000,16.99
2023-02-22 09:51:46,2023-02-22,K36,NV3F,00878,S,3000,16.99
2023-02-22 09:51:46,2023-02-22,K36,NV3F,00878,S,1000,16.99
2023-02-22 09:51:47,2023-02-22,K36,NV3F,00878,S,1000,16.99
2023-02-22 09:51:47,2023-02-22,K36,NV3F,00878,S,1000,16.99
2023-02-22 09:51:47,2023-02-22,K36,NV3F,00878,S,1000,16.99
2023-02-22 09:51:48,2023-02-22,K36,NV3F,00878,S,1000,16.99
2023-02-22 09:51:50,2023-02-22,K36,NV3F,00878,S,1000,16.99
2023-02-22 09:51:51,2023-02-22,K36,NV3F,00878,S,1000,16.99
2023-02-22 09:51:51,2023-02-22,K36,NV3F,00878,S,1000,16.99
2023-02-22 09:51:51,2023-02-22,K36,NV3F,00878,S,30000,16.99
2023-02-22 09:51:52,2023-02-22,K36,NV3F,00878,S,3000,16.99
2023-02-22 09:51:52,2023-02-22,K36,NV3F,00878,S,1000,16.99
2023-02-22 09:51:52,2023-02-22,K36,NV3F,00878,S,1000,16.99
2023-02-22 09:51:55,2023-02-22,K36,NV3F,00878,S,1000,16.99
2023-02-22 09:51:55,2023-02-22,K36,NV3F,00878,S,1000,16.99
2023-02-22 09:51:55,2023-02-22,K36,NV3F,00878,S,4000,16.99
2023-02-22 09:51:55,2023-02-22,K36,NV3F,00878,S,1000,16.99
2023-02-22 09:51:55,2023-02-22,K36,NV3F,00878,S,1000,16.99
2023-02-22 09:51:55,2023-02-22,K36,NV3F,00878,S,1000,16.99
2023-02-22 09:51:55,2023-02-22,K36,NV3F,00878,S,1000,16.99
2023-02-22 09:51:56,2023-02-22,K36,NV3F,00878,S,1000,16.99
2023-02-22 09:51:56,2023-02-22,K36,NV3F,00878,S,5000,16.99
2023-02-22 09:51:56,2023-02-22,K36,NV3F,00878,S,5000,16.99
2023-02-22 09:51:57,2023-02-22,K36,NV3F,00878,S,1000,16.99
2023-02-22 09:51:57,2023-02-22,K36,NV3F,00878,S,1000,16.99
2023-02-22 09:51:57,2023-02-22,K36,NV3F,00878,S,1000,16.99
2023-02-22 09:51:57,2023-02-22,K36,NV3F,00878,S,6000,16.99
2023-02-22 09:51:59,2023-02-22,K36,NV3F,00878,S,1000,16.99
2023-02-22 09:51:59,2023-02-22,K36,NV3F,00878,S,4000,16.99
2023-02-22 09:52:00,2023-02-22,K36,NV3F,00878,S,10000,16.99
2023-02-22 09:52:01,2023-02-22,K36,NV3F,00878,S,1000,16.99
2023-02-22 09:52:02,2023-02-22,K36,NV3F,00878,S,1000,16.99
2023-02-22 09:52:02,2023-02-22,K36,NV3F,00878,S,1000,16.99
2023-02-22 09:52:02,2023-02-22,K36,NV3F,00878,S,1000,16.99
2023-02-22 09:52:02,2023-02-22,K36,NV3F,00878,S,1000,16.99
2023-02-22 09:52:03,2023-02-22,K36,NV3F,00878,S,1000,16.99
2023-02-22 09:52:03,2023-02-22,K36,NV3F,00878,S,1000,16.99
2023-02-22 09:52:03,2023-02-22,K36,NV3F,00878,S,1000,16.99
2023-02-22 09:52:04,2023-02-22,K36,NV3F,00878,S,1000,16.99
2023-02-22 09:52:04,2023-02-22,K36,NV3F,00878,S,10000,16.99
2023-02-22 09:52:05,2023-02-22,K36,NV3F,00878,S,5000,16.99
2023-02-22 09:52:05,2023-02-22,K36,NV3F,00878,S,10000,16.99
2023-02-22 09:52:05,2023-02-22,K36,NV3F,00878,S,5000,16.99
2023-02-22 09:52:06,2023-02-22,K36,NV3F,00878,S,1000,16.99
2023-02-22 09:52:07,2023-02-22,K36,NV3F,00878,S,5000,16.99
2023-02-22 09:52:07,2023-02-22,K36,NV3F,00878,S,1000,16.99
2023-02-22 09:52:07,2023-02-22,K36,NV3F,00878,S,1000,16.99
2023-02-22 09:52:07,2023-02-22,K36,NV3F,00878,S,1000,16.99
2023-02-22 09:52:07,2023-02-22,K36,NV3F,00878,S,5000,16.99
2023-02-22 09:52:08,2023-02-22,K36,NV3F,00878,S,1000,16.99
2023-02-22 09:52:08,2023-02-22,K36,NV3F,00878,S,3000,16.99
2023-02-22 09:52:09,2023-02-22,K36,NV3F,00878,S,2000,16.99
2023-02-22 09:52:09,2023-02-22,K36,NV3F,00878,S,1000,16.99
2023-02-22 09:52:10,2023-02-22,K36,NV3F,00878,S,5000,16.99
2023-02-22 09:52:11,2023-02-22,K36,NV3F,00878,S,3000,16.99
2023-02-22 09:52:11,2023-02-22,K36,NV3F,00878,S,2000,16.99
2023-02-22 09:52:11,2023-02-22,K36,NV3F,00878,S,1000,16.99
2023-02-22 09:52:12,2023-02-22,K36,NV3F,00878,S,6000,16.99
2023-02-22 09:52:12,2023-02-22,K36,NV3F,00878,S,5000,16.99
2023-02-22 09:52:12,2023-02-22,K36,NV3F,00878,S,1000,16.99
2023-02-22 09:52:12,2023-02-22,K36,NV3F,00878,S,1000,16.99
2023-02-22 09:52:13,2023-02-22,K36,NV3F,00878,S,1000,16.99
2023-02-22 09:52:14,2023-02-22,K36,NV3F,00878,S,1000,16.99
2023-02-22 09:52:14,2023-02-22,K36,NV3F,00878,S,1000,16.99
2023-02-22 09:52:14,2023-02-22,K36,NV3F,00878,S,1000,16.99
2023-02-22 09:52:15,2023-02-22,K36,NV3F,00878,S,2000,16.99
2023-02-22 09:52:15,2023-02-22,K36,NV3F,00878,S,1000,16.99
2023-02-22 09:52:16,2023-02-22,K36,NV3F,00878,S,2000,16.99
2023-02-22 10:07:39,2023-02-22,K36,NV3F,00878,S,29000,17.01
2023-02-22 10:07:41,2023-02-22,K36,NV3F,00878,S,1000,17.01
2023-02-22 10:07:41,2023-02-22,K36,NV3F,00878,S,1000,17.01
2023-02-22 10:07:46,2023-02-22,K36,NV3F,00878,S,5000,17.01
2023-02-22 10:07:47,2023-02-22,K36,NV3F,00878,S,1000,17.01
2023-02-22 10:07:47,2023-02-22,K36,NV3F,00878,S,1000,17.01
2023-02-22 10:07:49,2023-02-22,K36,NV3F,00878,S,1000,17.01
2023-02-22 10:07:49,2023-02-22,K36,NV3F,00878,S,3000,17.01
2023-02-22 10:07:50,2023-02-22,K36,NV3F,00878,S,1000,17.01
2023-02-22 10:07:51,2023-02-22,K36,NV3F,00878,S,1000,17.01
2023-02-22 10:07:52,2023-02-22,K36,NV3F,00878,S,1000,17.01
2023-02-22 10:07:52,2023-02-22,K36,NV3F,00878,S,1000,17.01
2023-02-22 10:07:55,2023-02-22,K36,NV3F,00878,S,1000,17.01
2023-02-22 10:07:55,2023-02-22,K36,NV3F,00878,S,1000,17.01
2023-02-22 10:07:55,2023-02-22,K36,NV3F,00878,S,1000,17.01
2023-02-22 10:07:55,2023-02-22,K36,NV3F,00878,S,1000,17.01
2023-02-22 10:07:55,2023-02-22,K36,NV3F,00878,S,2000,17.01
2023-02-22 10:07:57,2023-02-22,K36,NV3F,00878,S,1000,17.01
2023-02-22 10:07:57,2023-02-22,K36,NV3F,00878,S,2000,17.01
2023-02-22 10:07:57,2023-02-22,K36,NV3F,00878,S,22000,17.01
2023-02-22 10:08:01,2023-02-22,K36,NV3F,00878,S,1000,17.01
2023-02-22 10:08:01,2023-02-22,K36,NV3F,00878,S,1000,17.01
2023-02-22 10:08:02,2023-02-22,K36,NV3F,00878,S,1000,17.01
2023-02-22 10:08:02,2023-02-22,K36,NV3F,00878,S,1000,17.01
2023-02-22 10:08:03,2023-02-22,K36,NV3F,00878,S,1000,17.01
2023-02-22 10:08:04,2023-02-22,K36,NV3F,00878,S,1000,17.01
2023-02-22 10:08:04,2023-02-22,K36,NV3F,00878,S,5000,17.01
2023-02-22 10:08:04,2023-02-22,K36,NV3F,00878,S,1000,17.01
2023-02-22 10:08:05,2023-02-22,K36,NV3F,00878,S,1000,17.01
2023-02-22 10:08:06,2023-02-22,K36,NV3F,00878,S,2000,17.01
2023-02-22 10:08:07,2023-02-22,K36,NV3F,00878,S,3000,17.01
2023-02-22 10:08:08,2023-02-22,K36,NV3F,00878,S,1000,17.01
2023-02-22 10:08:09,2023-02-22,K36,NV3F,00878,S,1000,17.01
2023-02-22 10:08:11,2023-02-22,K36,NV3F,00878,S,2000,17.01
2023-02-22 10:08:14,2023-02-22,K36,NV3F,00878,S,8000,17.01
2023-02-22 10:08:16,2023-02-22,K36,NV3F,00878,S,5000,17.01
2023-02-22 10:08:18,2023-02-22,K36,NV3F,00878,S,1000,17.01
2023-02-22 10:08:18,2023-02-22,K36,NV3F,00878,S,1000,17.01
2023-02-22 10:08:22,2023-02-22,K36,NV3F,00878,S,5000,17.01
2023-02-22 10:08:23,2023-02-22,K36,NV3F,00878,S,40000,17.01
2023-02-22 10:08:25,2023-02-22,K36,NV3F,00878,S,3000,17.01
2023-02-22 10:08:27,2023-02-22,K36,NV3F,00878,S,5000,17.01
2023-02-22 10:08:27,2023-02-22,K36,NV3F,00878,S,1000,17.01
2023-02-22 10:08:28,2023-02-22,K36,NV3F,00878,S,10000,17.01
2023-02-22 10:08:30,2023-02-22,K36,NV3F,00878,S,5000,17.01
2023-02-22 10:08:31,2023-02-22,K36,NV3F,00878,S,1000,17.01
2023-02-22 10:08:32,2023-02-22,K36,NV3F,00878,S,1000,17.01
2023-02-22 10:08:33,2023-02-22,K36,NV3F,00878,S,1000,17.01
2023-02-22 10:08:34,2023-02-22,K36,NV3F,00878,S,1000,17.01
2023-02-22 10:08:35,2023-02-22,K36,NV3F,00878,S,1000,17.01
2023-02-22 10:08:35,2023-02-22,K36,NV3F,00878,S,2000,17.01
2023-02-22 10:08:37,2023-02-22,K36,NV3F,00878,S,30000,17.01
2023-02-22 10:08:40,2023-02-22,K36,NV3F,00878,S,1000,17.01
2023-02-22 10:08:40,2023-02-22,K36,NV3F,00878,S,1000,17.01
2023-02-22 10:08:40,2023-02-22,K36,NV3F,00878,S,1000,17.01
2023-02-22 10:08:41,2023-02-22,K36,NV3F,00878,S,1000,17.01
2023-02-22 10:08:44,2023-02-22,K36,NV3F,00878,S,1000,17.01
2023-02-22 10:08:44,2023-02-22,K36,NV3F,00878,S,1000,17.01
2023-02-22 10:08:46,2023-02-22,K36,NV3F,00878,S,1000,17.01
2023-02-22 10:08:47,2023-02-22,K36,NV3F,00878,S,1000,17.01
2023-02-22 10:08:47,2023-02-22,K36,NV3F,00878,S,20000,17.01
2023-02-22 10:11:44,2023-02-22,K36,NV3F,00878,S,4000,17.01
2023-02-22 10:11:44,2023-02-22,K36,NV3F,00878,S,10000,17.01
2023-02-22 10:11:44,2023-02-22,K36,NV3F,00878,S,1000,17.01
2023-02-22 10:11:44,2023-02-22,K36,NV3F,00878,S,3000,17.01
2023-02-22 10:11:44,2023-02-22,K36,NV3F,00878,S,1000,17.01
2023-02-22 10:11:44,2023-02-22,K36,NV3F,00878,S,43000,17.01
2023-02-22 10:11:44,2023-02-22,K36,NV3F,00878,S,1000,17.01
2023-02-22 10:11:44,2023-02-22,K36,NV3F,00878,S,2000,17.01
2023-02-22 10:11:44,2023-02-22,K36,NV3F,00878,S,1000,17.01
2023-02-22 10:11:44,2023-02-22,K36,NV3F,00878,S,1000,17.01
2023-02-22 10:11:44,2023-02-22,K36,NV3F,00878,S,1000,17.01
2023-02-22 10:11:44,2023-02-22,K36,NV3F,00878,S,2000,17.01
2023-02-22 10:11:44,2023-02-22,K36,NV3F,00878,S,1000,17.01
2023-02-22 10:11:44,2023-02-22,K36,NV3F,00878,S,2000,17.01
2023-02-22 10:11:44,2023-02-22,K36,NV3F,00878,S,5000,17.01
2023-02-22 10:11:44,2023-02-22,K36,NV3F,00878,S,1000,17.01
2023-02-22 10:11:44,2023-02-22,K36,NV3F,00878,S,1000,17.01
2023-02-22 10:11:44,2023-02-22,K36,NV3F,00878,S,1000,17.01
2023-02-22 10:11:45,2023-02-22,K36,NV3F,00878,S,1000,17.01
2023-02-22 10:11:47,2023-02-22,K36,NV3F,00878,S,1000,17.01
2023-02-22 10:11:47,2023-02-22,K36,NV3F,00878,S,1000,17.01
2023-02-22 10:11:48,2023-02-22,K36,NV3F,00878,S,2000,17.01
2023-02-22 10:11:48,2023-02-22,K36,NV3F,00878,S,1000,17.01
2023-02-22 10:11:49,2023-02-22,K36,NV3F,00878,S,1000,17.01
2023-02-22 10:11:50,2023-02-22,K36,NV3F,00878,S,1000,17.01
2023-02-22 10:11:53,2023-02-22,K36,NV3F,00878,S,1000,17.01
2023-02-22 10:11:53,2023-02-22,K36,NV3F,00878,S,1000,17.01
2023-02-22 10:11:55,2023-02-22,K36,NV3F,00878,S,1000,17.01
2023-02-22 10:11:55,2023-02-22,K36,NV3F,00878,S,1000,17.01
2023-02-22 10:11:56,2023-02-22,K36,NV3F,00878,S,2000,17.01
2023-02-22 10:11:56,2023-02-22,K36,NV3F,00878,S,2000,17.01
2023-02-22 10:11:57,2023-02-22,K36,NV3F,00878,S,5000,17.01
2023-02-22 10:11:57,2023-02-22,K36,NV3F,00878,S,1000,17.01
2023-02-22 10:11:57,2023-02-22,K36,NV3F,00878,S,1000,17.01
2023-02-22 10:11:58,2023-02-22,K36,NV3F,00878,S,1000,17.01
2023-02-22 10:11:58,2023-02-22,K36,NV3F,00878,S,1000,17.01
2023-02-22 10:11:59,2023-02-22,K36,NV3F,00878,S,1000,17.01
2023-02-22 10:12:00,2023-02-22,K36,NV3F,00878,S,1000,17.01
2023-02-22 10:12:01,2023-02-22,K36,NV3F,00878,S,4000,17.01
2023-02-22 10:12:02,2023-02-22,K36,NV3F,00878,S,1000,17.01
2023-02-22 10:12:04,2023-02-22,K36,NV3F,00878,S,1000,17.01
2023-02-22 10:12:06,2023-02-22,K36,NV3F,00878,S,1000,17.01
2023-02-22 10:12:07,2023-02-22,K36,NV3F,00878,S,3000,17.01
2023-02-22 10:12:07,2023-02-22,K36,NV3F,00878,S,2000,17.01
2023-02-22 10:12:08,2023-02-22,K36,NV3F,00878,S,3000,17.01
2023-02-22 10:12:08,2023-02-22,K36,NV3F,00878,S,2000,17.01
2023-02-22 10:12:09,2023-02-22,K36,NV3F,00878,S,1000,17.01
2023-02-22 10:12:09,2023-02-22,K36,NV3F,00878,S,1000,17.01
2023-02-22 10:12:10,2023-02-22,K36,NV3F,00878,S,10000,17.01
2023-02-22 10:12:10,2023-02-22,K36,NV3F,00878,S,2000,17.01
2023-02-22 10:12:10,2023-02-22,K36,NV3F,00878,S,3000,17.01
2023-02-22 10:12:14,2023-02-22,K36,NV3F,00878,S,6000,17.01
2023-02-22 10:12:15,2023-02-22,K36,NV3F,00878,S,1000,17.01
2023-02-22 10:12:15,2023-02-22,K36,NV3F,00878,S,1000,17.01
2023-02-22 10:12:16,2023-02-22,K36,NV3F,00878,S,1000,17.01
2023-02-22 10:12:18,2023-02-22,K36,NV3F,00878,S,5000,17.01
2023-02-22 10:12:18,2023-02-22,K36,NV3F,00878,S,2000,17.01
2023-02-22 10:12:19,2023-02-22,K36,NV3F,00878,S,1000,17.01
2023-02-22 10:12:19,2023-02-22,K36,NV3F,00878,S,5000,17.01
2023-02-22 10:12:21,2023-02-22,K36,NV3F,00878,S,1000,17.01
2023-02-22 10:12:21,2023-02-22,K36,NV3F,00878,S,2000,17.01
2023-02-22 10:12:21,2023-02-22,K36,NV3F,00878,S,2000,17.01
2023-02-22 10:12:23,2023-02-22,K36,NV3F,00878,S,1000,17.01
2023-02-22 10:12:25,2023-02-22,K36,NV3F,00878,S,1000,17.01
2023-02-22 10:12:25,2023-02-22,K36,NV3F,00878,S,2000,17.01
2023-02-22 10:12:26,2023-02-22,K36,NV3F,00878,S,20000,17.01
2023-02-22 10:12:27,2023-02-22,K36,NV3F,00878,S,1000,17.01
2023-02-22 10:12:30,2023-02-22,K36,NV3F,00878,S,1000,17.01
2023-02-22 10:12:31,2023-02-22,K36,NV3F,00878,S,10000,17.01
2023-02-22 10:12:33,2023-02-22,K36,NV3F,00878,S,10000,17.01
2023-02-22 10:12:33,2023-02-22,K36,NV3F,00878,S,1000,17.01
2023-02-22 10:12:35,2023-02-22,K36,NV3F,00878,S,1000,17.01
2023-02-22 10:12:35,2023-02-22,K36,NV3F,00878,S,1000,17.01
2023-02-22 10:12:36,2023-02-22,K36,NV3F,00878,S,1000,17.01
2023-02-22 10:12:37,2023-02-22,K36,NV3F,00878,S,4000,17.01
2023-02-22 10:12:37,2023-02-22,K36,NV3F,00878,S,1000,17.01
2023-02-22 10:12:39,2023-02-22,K36,NV3F,00878,S,1000,17.01
2023-02-22 10:13:51,2023-02-22,K36,NV3F,00878,S,2000,17.01
2023-02-22 10:13:52,2023-02-22,K36,NV3F,00878,S,2000,17.01
2023-02-22 10:13:53,2023-02-22,K36,NV3F,00878,S,1000,17.01
2023-02-22 10:13:59,2023-02-22,K36,NV3F,00878,S,1000,17.01
2023-02-22 10:13:59,2023-02-22,K36,NV3F,00878,S,1000,17.01
2023-02-22 10:14:02,2023-02-22,K36,NV3F,00878,S,1000,17.01
2023-02-22 10:14:03,2023-02-22,K36,NV3F,00878,S,1000,17.01
2023-02-22 10:14:04,2023-02-22,K36,NV3F,00878,S,1000,17.01
2023-02-22 10:14:04,2023-02-22,K36,NV3F,00878,S,4000,17.01
2023-02-22 10:14:05,2023-02-22,K36,NV3F,00878,S,2000,17.01
2023-02-22 10:14:05,2023-02-22,K36,NV3F,00878,S,1000,17.01
2023-02-22 10:14:06,2023-02-22,K36,NV3F,00878,S,5000,17.01
2023-02-22 10:14:06,2023-02-22,K36,NV3F,00878,S,1000,17.01
2023-02-22 10:14:07,2023-02-22,K36,NV3F,00878,S,1000,17.01
2023-02-22 10:14:11,2023-02-22,K36,NV3F,00878,S,1000,17.01
2023-02-22 10:14:14,2023-02-22,K36,NV3F,00878,S,1000,17.01
2023-02-22 10:14:15,2023-02-22,K36,NV3F,00878,S,1000,17.01
2023-02-22 10:14:16,2023-02-22,K36,NV3F,00878,S,10000,17.01
2023-02-22 10:14:18,2023-02-22,K36,NV3F,00878,S,1000,17.01
2023-02-22 10:14:18,2023-02-22,K36,NV3F,00878,S,1000,17.01
2023-02-22 10:14:24,2023-02-22,K36,NV3F,00878,S,5000,17.01
2023-02-22 10:14:25,2023-02-22,K36,NV3F,00878,S,2000,17.01
2023-02-22 10:14:26,2023-02-22,K36,NV3F,00878,S,1000,17.01
2023-02-22 10:14:27,2023-02-22,K36,NV3F,00878,S,1000,17.01
2023-02-22 10:14:29,2023-02-22,K36,NV3F,00878,S,1000,17.01
2023-02-22 10:14:30,2023-02-22,K36,NV3F,00878,S,1000,17.01
2023-02-22 10:14:30,2023-02-22,K36,NV3F,00878,S,2000,17.01
2023-02-22 10:14:31,2023-02-22,K36,NV3F,00878,S,2000,17.01
2023-02-22 10:14:31,2023-02-22,K36,NV3F,00878,S,2000,17.01
2023-02-22 10:14:31,2023-02-22,K36,NV3F,00878,S,5000,17.01
2023-02-22 10:14:34,2023-02-22,K36,NV3F,00878,S,10000,17.01
2023-02-22 10:14:38,2023-02-22,K36,NV3F,00878,S,2000,17.01
2023-02-22 10:14:38,2023-02-22,K36,NV3F,00878,S,5000,17.01
2023-02-22 10:14:39,2023-02-22,K36,NV3F,00878,S,1000,17.01
2023-02-22 10:14:39,2023-02-22,K36,NV3F,00878,S,1000,17.01
2023-02-22 10:14:41,2023-02-22,K36,NV3F,00878,S,1000,17.01
2023-02-22 10:14:44,2023-02-22,K36,NV3F,00878,S,5000,17.01
2023-02-22 10:14:47,2023-02-22,K36,NV3F,00878,S,1000,17.01
2023-02-22 10:14:47,2023-02-22,K36,NV3F,00878,S,3000,17.01
2023-02-22 10:14:48,2023-02-22,K36,NV3F,00878,S,15000,17.01
2023-02-22 10:14:49,2023-02-22,K36,NV3F,00878,S,2000,17.01
2023-02-22 10:14:51,2023-02-22,K36,NV3F,00878,S,1000,17.01
2023-02-22 10:14:52,2023-02-22,K36,NV3F,00878,S,1000,17.01
2023-02-22 10:14:57,2023-02-22,K36,NV3F,00878,S,5000,17.01
2023-02-22 10:15:02,2023-02-22,K36,NV3F,00878,S,1000,17.01
2023-02-22 10:15:03,2023-02-22,K36,NV3F,00878,S,2000,17.01
2023-02-22 10:15:03,2023-02-22,K36,NV3F,00878,S,10000,17.01
2023-02-22 10:15:05,2023-02-22,K36,NV3F,00878,S,1000,17.01
2023-02-22 10:15:05,2023-02-22,K36,NV3F,00878,S,1000,17.01
2023-02-22 10:15:06,2023-02-22,K36,NV3F,00878,S,1000,17.01
2023-02-22 10:15:09,2023-02-22,K36,NV3F,00878,S,1000,17.01
2023-02-22 10:15:11,2023-02-22,K36,NV3F,00878,S,14000,17.01
2023-02-22 10:15:11,2023-02-22,K36,NV3F,00878,S,1000,17.01
2023-02-22 10:15:12,2023-02-22,K36,NV3F,00878,S,5000,17.01
2023-02-22 10:15:12,2023-02-22,K36,NV3F,00878,S,2000,17.01
2023-02-22 10:15:14,2023-02-22,K36,NV3F,00878,S,3000,17.01
2023-02-22 10:15:15,2023-02-22,K36,NV3F,00878,S,1000,17.01
2023-02-22 10:15:16,2023-02-22,K36,NV3F,00878,S,1000,17.01
2023-02-22 10:15:20,2023-02-22,K36,NV3F,00878,S,1000,17.01
2023-02-22 10:15:25,2023-02-22,K36,NV3F,00878,S,1000,17.01
2023-02-22 10:15:25,2023-02-22,K36,NV3F,00878,S,2000,17.01
2023-02-22 10:15:25,2023-02-22,K36,NV3F,00878,S,3000,17.01
2023-02-22 10:15:27,2023-02-22,K36,NV3F,00878,S,1000,17.01
2023-02-22 10:15:28,2023-02-22,K36,NV3F,00878,S,6000,17.01
2023-02-22 10:15:30,2023-02-22,K36,NV3F,00878,S,1000,17.01
2023-02-22 10:15:30,2023-02-22,K36,NV3F,00878,S,1000,17.01
2023-02-22 10:15:33,2023-02-22,K36,NV3F,00878,S,9000,17.01
2023-02-22 10:15:34,2023-02-22,K36,NV3F,00878,S,2000,17.01
2023-02-22 10:15:34,2023-02-22,K36,NV3F,00878,S,5000,17.01
2023-02-22 10:15:34,2023-02-22,K36,NV3F,00878,S,3000,17.01
2023-02-22 10:15:37,2023-02-22,K36,NV3F,00878,S,2000,17.01
2023-02-22 10:15:37,2023-02-22,K36,NV3F,00878,S,2000,17.01
2023-02-22 10:15:38,2023-02-22,K36,NV3F,00878,S,1000,17.01
2023-02-22 10:15:40,2023-02-22,K36,NV3F,00878,S,5000,17.01
2023-02-22 10:15:43,2023-02-22,K36,NV3F,00878,S,1000,17.01
2023-02-22 10:15:44,2023-02-22,K36,NV3F,00878,S,2000,17.01
2023-02-22 10:15:44,2023-02-22,K36,NV3F,00878,S,1000,17.01
2023-02-22 10:15:45,2023-02-22,K36,NV3F,00878,S,2000,17.01
2023-02-22 10:15:46,2023-02-22,K36,NV3F,00878,S,1000,17.01
2023-02-22 10:15:47,2023-02-22,K36,NV3F,00878,S,5000,17.01
2023-02-22 10:20:51,2023-02-22,K36,NV3F,00878,S,36000,17.0
2023-02-22 10:20:51,2023-02-22,K36,NV3F,00878,S,5000,17.0
2023-02-22 10:20:51,2023-02-22,K36,NV3F,00878,S,2000,17.0
2023-02-22 10:20:51,2023-02-22,K36,NV3F,00878,S,1000,17.0
2023-02-22 10:20:51,2023-02-22,K36,NV3F,00878,S,1000,17.0
2023-02-22 10:20:51,2023-02-22,K36,NV3F,00878,S,1000,17.0
2023-02-22 10:20:51,2023-02-22,K36,NV3F,00878,S,1000,17.0
2023-02-22 10:20:51,2023-02-22,K36,NV3F,00878,S,1000,17.0
2023-02-22 10:20:51,2023-02-22,K36,NV3F,00878,S,1000,17.0
2023-02-22 10:20:51,2023-02-22,K36,NV3F,00878,S,2000,17.0
2023-02-22 10:20:51,2023-02-22,K36,NV3F,00878,S,10000,17.0
2023-02-22 10:20:51,2023-02-22,K36,NV3F,00878,S,5000,17.0
2023-02-22 10:20:51,2023-02-22,K36,NV3F,00878,S,1000,17.0
2023-02-22 10:20:51,2023-02-22,K36,NV3F,00878,S,2000,17.0
2023-02-22 10:20:51,2023-02-22,K36,NV3F,00878,S,2000,17.0
2023-02-22 10:20:51,2023-02-22,K36,NV3F,00878,S,10000,17.0
2023-02-22 10:20:51,2023-02-22,K36,NV3F,00878,S,1000,17.0
2023-02-22 10:20:51,2023-02-22,K36,NV3F,00878,S,1000,17.0
2023-02-22 10:20:51,2023-02-22,K36,NV3F,00878,S,1000,17.0
2023-02-22 10:20:51,2023-02-22,K36,NV3F,00878,S,2000,17.0
2023-02-22 10:20:51,2023-02-22,K36,NV3F,00878,S,1000,17.0
2023-02-22 10:20:51,2023-02-22,K36,NV3F,00878,S,1000,17.0
2023-02-22 10:20:51,2023-02-22,K36,NV3F,00878,S,1000,17.0
2023-02-22 10:20:51,2023-02-22,K36,NV3F,00878,S,1000,17.0
2023-02-22 10:20:51,2023-02-22,K36,NV3F,00878,S,1000,17.0
2023-02-22 10:20:51,2023-02-22,K36,NV3F,00878,S,10000,17.0
2023-02-22 10:20:51,2023-02-22,K36,NV3F,00878,S,2000,17.0
2023-02-22 10:20:51,2023-02-22,K36,NV3F,00878,S,1000,17.0
2023-02-22 10:20:51,2023-02-22,K36,NV3F,00878,S,1000,17.0
2023-02-22 10:20:51,2023-02-22,K36,NV3F,00878,S,1000,17.0
2023-02-22 10:20:51,2023-02-22,K36,NV3F,00878,S,1000,17.0
2023-02-22 10:20:51,2023-02-22,K36,NV3F,00878,S,1000,17.0
2023-02-22 10:20:51,2023-02-22,K36,NV3F,00878,S,20000,17.0
2023-02-22 10:20:51,2023-02-22,K36,NV3F,00878,S,1000,17.0
2023-02-22 10:20:51,2023-02-22,K36,NV3F,00878,S,1000,17.0
2023-02-22 10:20:51,2023-02-22,K36,NV3F,00878,S,1000,17.0
2023-02-22 10:20:51,2023-02-22,K36,NV3F,00878,S,1000,17.0
2023-02-22 10:20:51,2023-02-22,K36,NV3F,00878,S,5000,17.0
2023-02-22 10:20:51,2023-02-22,K36,NV3F,00878,S,2000,17.0
2023-02-22 10:20:51,2023-02-22,K36,NV3F,00878,S,1000,17.0
2023-02-22 10:20:51,2023-02-22,K36,NV3F,00878,S,1000,17.0
2023-02-22 10:20:51,2023-02-22,K36,NV3F,00878,S,1000,17.0
2023-02-22 10:20:51,2023-02-22,K36,NV3F,00878,S,1000,17.0
2023-02-22 10:20:51,2023-02-22,K36,NV3F,00878,S,5000,17.0
2023-02-22 10:20:51,2023-02-22,K36,NV3F,00878,S,1000,17.0
2023-02-22 10:20:51,2023-02-22,K36,NV3F,00878,S,5000,17.0
2023-02-22 10:20:51,2023-02-22,K36,NV3F,00878,S,2000,17.0
2023-02-22 10:20:51,2023-02-22,K36,NV3F,00878,S,1000,17.0
2023-02-22 10:20:51,2023-02-22,K36,NV3F,00878,S,2000,17.0
2023-02-22 10:20:51,2023-02-22,K36,NV3F,00878,S,2000,17.0
2023-02-22 10:20:51,2023-02-22,K36,NV3F,00878,S,1000,17.0
2023-02-22 10:20:51,2023-02-22,K36,NV3F,00878,S,20000,17.0
2023-02-22 10:20:51,2023-02-22,K36,NV3F,00878,S,5000,17.0
2023-02-22 10:20:51,2023-02-22,K36,NV3F,00878,S,2000,17.0
2023-02-22 10:20:51,2023-02-22,K36,NV3F,00878,S,1000,17.0
2023-02-22 10:20:51,2023-02-22,K36,NV3F,00878,S,10000,17.0
2023-02-22 10:20:51,2023-02-22,K36,NV3F,00878,S,1000,17.0
2023-02-22 10:20:51,2023-02-22,K36,NV3F,00878,S,2000,17.0
2023-02-22 10:20:51,2023-02-22,K36,NV3F,00878,S,5000,17.0
2023-02-22 10:20:51,2023-02-22,K36,NV3F,00878,S,1000,17.0
2023-02-22 10:20:51,2023-02-22,K36,NV3F,00878,S,1000,17.0
2023-02-22 10:20:51,2023-02-22,K36,NV3F,00878,S,1000,17.0
2023-02-22 10:20:51,2023-02-22,K36,NV3F,00878,S,1000,17.0
2023-02-22 10:20:51,2023-02-22,K36,NV3F,00878,S,1000,17.0
2023-02-22 10:20:51,2023-02-22,K36,NV3F,00878,S,1000,17.0
2023-02-22 10:20:51,2023-02-22,K36,NV3F,00878,S,1000,17.0
2023-02-22 10:20:51,2023-02-22,K36,NV3F,00878,S,2000,17.0
2023-02-22 10:20:51,2023-02-22,K36,NV3F,00878,S,10000,17.0
2023-02-22 10:20:51,2023-02-22,K36,NV3F,00878,S,1000,17.0
2023-02-22 10:20:51,2023-02-22,K36,NV3F,00878,S,6000,17.0
2023-02-22 10:20:51,2023-02-22,K36,NV3F,00878,S,1000,17.0
2023-02-22 10:20:51,2023-02-22,K36,NV3F,00878,S,1000,17.0
2023-02-22 10:20:51,2023-02-22,K36,NV3F,00878,S,1000,17.0
2023-02-22 10:20:51,2023-02-22,K36,NV3F,00878,S,1000,17.0
2023-02-22 10:20:51,2023-02-22,K36,NV3F,00878,S,5000,17.0
2023-02-22 10:20:51,2023-02-22,K36,NV3F,00878,S,1000,17.0
2023-02-22 10:20:51,2023-02-22,K36,NV3F,00878,S,2000,17.0
2023-02-22 10:22:01,2023-02-22,K36,NV3F,00878,S,1000,17.01
2023-02-22 10:22:03,2023-02-22,K36,NV3F,00878,S,1000,17.01
2023-02-22 10:22:04,2023-02-22,K36,NV3F,00878,S,1000,17.01
2023-02-22 10:22:05,2023-02-22,K36,NV3F,00878,S,1000,17.01
2023-02-22 10:22:06,2023-02-22,K36,NV3F,00878,S,2000,17.01
2023-02-22 10:22:07,2023-02-22,K36,NV3F,00878,S,1000,17.01
2023-02-22 10:22:08,2023-02-22,K36,NV3F,00878,S,1000,17.01
2023-02-22 10:22:11,2023-02-22,K36,NV3F,00878,S,1000,17.01
2023-02-22 10:22:11,2023-02-22,K36,NV3F,00878,S,3000,17.01
2023-02-22 10:22:14,2023-02-22,K36,NV3F,00878,S,4000,17.01
2023-02-22 10:22:15,2023-02-22,K36,NV3F,00878,S,4000,17.01
2023-02-22 10:22:24,2023-02-22,K36,NV3F,00878,S,2000,17.01
2023-02-22 10:22:24,2023-02-22,K36,NV3F,00878,S,10000,17.01
2023-02-22 10:22:27,2023-02-22,K36,NV3F,00878,S,1000,17.01
2023-02-22 10:22:28,2023-02-22,K36,NV3F,00878,S,2000,17.01
2023-02-22 10:22:39,2023-02-22,K36,NV3F,00878,S,3000,17.01
2023-02-22 10:22:39,2023-02-22,K36,NV3F,00878,S,1000,17.01
2023-02-22 10:22:40,2023-02-22,K36,NV3F,00878,S,5000,17.01
2023-02-22 10:22:49,2023-02-22,K36,NV3F,00878,S,2000,17.01
2023-02-22 10:22:52,2023-02-22,K36,NV3F,00878,S,2000,17.01
2023-02-22 10:22:55,2023-02-22,K36,NV3F,00878,S,2000,17.01
2023-02-22 10:22:58,2023-02-22,K36,NV3F,00878,S,1000,17.01
2023-02-22 10:22:59,2023-02-22,K36,NV3F,00878,S,1000,17.01
2023-02-22 10:23:00,2023-02-22,K36,NV3F,00878,S,1000,17.01
2023-02-22 10:23:00,2023-02-22,K36,NV3F,00878,S,1000,17.01
2023-02-22 10:23:03,2023-02-22,K36,NV3F,00878,S,1000,17.01
2023-02-22 10:23:03,2023-02-22,K36,NV3F,00878,S,4000,17.01
2023-02-22 10:23:07,2023-02-22,K36,NV3F,00878,S,1000,17.01
2023-02-22 10:23:08,2023-02-22,K36,NV3F,00878,S,1000,17.01
2023-02-22 10:23:10,2023-02-22,K36,NV3F,00878,S,2000,17.01
2023-02-22 10:23:18,2023-02-22,K36,NV3F,00878,S,1000,17.01
2023-02-22 10:23:21,2023-02-22,K36,NV3F,00878,S,10000,17.01
2023-02-22 10:23:31,2023-02-22,K36,NV3F,00878,S,1000,17.01
2023-02-22 10:23:34,2023-02-22,K36,NV3F,00878,S,1000,17.01
2023-02-22 10:23:38,2023-02-22,K36,NV3F,00878,S,1000,17.01
2023-02-22 10:23:38,2023-02-22,K36,NV3F,00878,S,1000,17.01
2023-02-22 10:23:39,2023-02-22,K36,NV3F,00878,S,1000,17.01
2023-02-22 10:23:42,2023-02-22,K36,NV3F,00878,S,1000,17.01
2023-02-22 10:23:43,2023-02-22,K36,NV3F,00878,S,10000,17.01
2023-02-22 10:23:46,2023-02-22,K36,NV3F,00878,S,5000,17.01
2023-02-22 10:23:46,2023-02-22,K36,NV3F,00878,S,2000,17.01
2023-02-22 10:23:46,2023-02-22,K36,NV3F,00878,S,2000,17.01
2023-02-22 10:23:47,2023-02-22,K36,NV3F,00878,S,1000,17.01
2023-02-22 10:23:48,2023-02-22,K36,NV3F,00878,S,1000,17.01
2023-02-22 10:23:52,2023-02-22,K36,NV3F,00878,S,2000,17.01
2023-02-22 10:23:54,2023-02-22,K36,NV3F,00878,S,1000,17.01
2023-02-22 10:23:54,2023-02-22,K36,NV3F,00878,S,1000,17.01
2023-02-22 10:23:56,2023-02-22,K36,NV3F,00878,S,10000,17.01
2023-02-22 10:23:58,2023-02-22,K36,NV3F,00878,S,1000,17.01
2023-02-22 10:24:04,2023-02-22,K36,NV3F,00878,S,1000,17.01
2023-02-22 10:24:05,2023-02-22,K36,NV3F,00878,S,5000,17.01
2023-02-22 10:24:10,2023-02-22,K36,NV3F,00878,S,1000,17.01
2023-02-22 10:24:14,2023-02-22,K36,NV3F,00878,S,1000,17.01
2023-02-22 10:24:14,2023-02-22,K36,NV3F,00878,S,1000,17.01
2023-02-22 10:24:15,2023-02-22,K36,NV3F,00878,S,1000,17.01
2023-02-22 10:24:15,2023-02-22,K36,NV3F,00878,S,1000,17.01
2023-02-22 10:24:17,2023-02-22,K36,NV3F,00878,S,5000,17.01
2023-02-22 10:24:20,2023-02-22,K36,NV3F,00878,S,10000,17.01
2023-02-22 10:24:22,2023-02-22,K36,NV3F,00878,S,2000,17.01
2023-02-22 10:24:26,2023-02-22,K36,NV3F,00878,S,1000,17.01
2023-02-22 10:24:29,2023-02-22,K36,NV3F,00878,S,1000,17.01
2023-02-22 10:24:31,2023-02-22,K36,NV3F,00878,S,1000,17.01
2023-02-22 10:24:33,2023-02-22,K36,NV3F,00878,S,5000,17.01
2023-02-22 10:24:34,2023-02-22,K36,NV3F,00878,S,1000,17.01
2023-02-22 10:24:35,2023-02-22,K36,NV3F,00878,S,1000,17.01
2023-02-22 10:24:38,2023-02-22,K36,NV3F,00878,S,1000,17.01
2023-02-22 10:24:39,2023-02-22,K36,NV3F,00878,S,1000,17.01
2023-02-22 10:24:43,2023-02-22,K36,NV3F,00878,S,10000,17.01
2023-02-22 10:24:46,2023-02-22,K36,NV3F,00878,S,5000,17.01
2023-02-22 10:24:50,2023-02-22,K36,NV3F,00878,S,5000,17.01
2023-02-22 10:24:50,2023-02-22,K36,NV3F,00878,S,1000,17.01
2023-02-22 10:24:50,2023-02-22,K36,NV3F,00878,S,1000,17.01
2023-02-22 10:24:58,2023-02-22,K36,NV3F,00878,S,1000,17.01
2023-02-22 10:24:58,2023-02-22,K36,NV3F,00878,S,1000,17.01
2023-02-22 10:24:59,2023-02-22,K36,NV3F,00878,S,2000,17.01
2023-02-22 10:25:00,2023-02-22,K36,NV3F,00878,S,10000,17.01
2023-02-22 10:25:01,2023-02-22,K36,NV3F,00878,S,5000,17.01
2023-02-22 10:25:02,2023-02-22,K36,NV3F,00878,S,1000,17.01
2023-02-22 10:25:06,2023-02-22,K36,NV3F,00878,S,10000,17.01
2023-02-22 10:25:11,2023-02-22,K36,NV3F,00878,S,1000,17.01
2023-02-22 10:25:12,2023-02-22,K36,NV3F,00878,S,1000,17.01
2023-02-22 10:25:15,2023-02-22,K36,NV3F,00878,S,10000,17.01
2023-02-22 10:25:18,2023-02-22,K36,NV3F,00878,S,1000,17.01
2023-02-22 10:25:23,2023-02-22,K36,NV3F,00878,S,1000,17.01
2023-02-22 10:25:24,2023-02-22,K36,NV3F,00878,S,3000,17.01
2023-02-22 10:25:26,2023-02-22,K36,NV3F,00878,S,1000,17.01
2023-02-22 10:25:26,2023-02-22,K36,NV3F,00878,S,1000,17.01
2023-02-22 10:25:33,2023-02-22,K36,NV3F,00878,S,1000,17.01
2023-02-22 10:25:35,2023-02-22,K36,NV3F,00878,S,2000,17.01
2023-02-22 10:25:38,2023-02-22,K36,NV3F,00878,S,10000,17.01
2023-02-22 10:25:39,2023-02-22,K36,NV3F,00878,S,2000,17.01
2023-02-22 10:25:43,2023-02-22,K36,NV3F,00878,S,1000,17.01
2023-02-22 10:25:47,2023-02-22,K36,NV3F,00878,S,1000,17.01
2023-02-22 10:25:51,2023-02-22,K36,NV3F,00878,S,1000,17.01
2023-02-22 10:25:54,2023-02-22,K36,NV3F,00878,S,2000,17.01
2023-02-22 10:25:56,2023-02-22,K36,NV3F,00878,S,1000,17.01
2023-02-22 10:42:32,2023-02-22,K44,LHDU,00632R,S,6000,5.42
2023-02-22 10:42:32,2023-02-22,K44,LHDU,00632R,S,5000,5.42
2023-02-22 10:42:32,2023-02-22,K44,LHDU,00632R,S,20000,5.42
2023-02-22 10:42:32,2023-02-22,K44,LHDU,00632R,S,1000,5.42
2023-02-22 10:43:16,2023-02-22,K44,LHDU,00632R,S,2000,5.42
2023-02-22 10:44:05,2023-02-22,K44,LHDU,00632R,S,5000,5.42
2023-02-22 10:44:08,2023-02-22,K44,LHDU,00632R,S,3000,5.42
2023-02-22 10:45:07,2023-02-22,K44,LHDU,00632R,S,8000,5.42
2023-02-22 10:45:08,2023-02-22,K44,LHDU,00632R,S,10000,5.42
2023-02-22 10:45:22,2023-02-22,K44,LHDU,00632R,S,10000,5.42
2023-02-22 10:45:48,2023-02-22,K44,LHDU,00632R,S,5000,5.42
2023-02-22 10:46:05,2023-02-22,K44,LHDU,00632R,S,5000,5.42
2023-02-22 10:46:43,2023-02-22,K44,LHDU,00632R,S,10000,5.42
2023-02-22 10:47:06,2023-02-22,K44,LHDU,00632R,S,100000,5.42
2023-02-22 10:47:17,2023-02-22,K44,LHDU,00632R,S,1000,5.42
2023-02-22 10:48:18,2023-02-22,K44,LHDU,00632R,S,5000,5.42
2023-02-22 10:48:22,2023-02-22,K44,LHDU,00632R,S,6000,5.42
2023-02-22 10:48:34,2023-02-22,K44,LHDU,00632R,S,5000,5.42
2023-02-22 10:48:37,2023-02-22,K44,LHDU,00632R,S,149000,5.42
2023-02-22 10:48:41,2023-02-22,K44,LHDU,00632R,S,100000,5.42
2023-02-22 10:48:47,2023-02-22,K44,LHDU,00632R,S,10000,5.42
2023-02-22 10:48:53,2023-02-22,K44,LHDU,00632R,S,1000,5.42
2023-02-22 10:49:02,2023-02-22,K44,LHDU,00632R,S,1000,5.42
2023-02-22 10:49:04,2023-02-22,K44,LHDU,00632R,S,6000,5.42
2023-02-22 10:49:09,2023-02-22,K44,LHDU,00632R,S,1000,5.42
2023-02-22 10:49:15,2023-02-22,K44,LHDU,00632R,S,1000,5.42
2023-02-22 10:49:24,2023-02-22,K44,LHDU,00632R,S,3000,5.42
2023-02-22 10:49:26,2023-02-22,K44,LHDU,00632R,S,10000,5.42
2023-02-22 10:49:43,2023-02-22,K44,LHDU,00632R,S,9000,5.42
2023-02-22 10:50:36,2023-02-22,K44,LHDU,00632R,S,31000,5.42
2023-02-22 10:50:39,2023-02-22,K44,LHDU,00632R,S,20000,5.42
2023-02-22 10:50:41,2023-02-22,K44,LHDU,00632R,S,375000,5.42
2023-02-22 10:50:42,2023-02-22,K44,LHDU,00632R,S,3000,5.42
2023-02-22 10:50:45,2023-02-22,K44,LHDU,00632R,S,20000,5.42
2023-02-22 10:50:56,2023-02-22,K44,LHDU,00632R,S,2000,5.42
2023-02-22 10:51:34,2023-02-22,K44,LHDU,00632R,S,1000,5.42
2023-02-22 10:51:40,2023-02-22,K36,NV3F,00878,S,8000,17.01
2023-02-22 10:51:43,2023-02-22,K36,NV3F,00878,S,1000,17.01
2023-02-22 10:51:43,2023-02-22,K36,NV3F,00878,S,10000,17.01
2023-02-22 10:51:44,2023-02-22,K36,NV3F,00878,S,1000,17.01
2023-02-22 10:51:44,2023-02-22,K36,NV3F,00878,S,2000,17.01
2023-02-22 10:51:45,2023-02-22,K36,NV3F,00878,S,1000,17.01
2023-02-22 10:52:16,2023-02-22,K36,NV3F,00878,S,2000,17.01
2023-02-22 10:52:16,2023-02-22,K36,NV3F,00878,S,1000,17.01
2023-02-22 10:52:16,2023-02-22,K36,NV3F,00878,S,1000,17.01
2023-02-22 10:52:16,2023-02-22,K36,NV3F,00878,S,1000,17.01
2023-02-22 10:52:16,2023-02-22,K36,NV3F,00878,S,5000,17.01
2023-02-22 10:52:16,2023-02-22,K36,NV3F,00878,S,2000,17.01
2023-02-22 10:52:16,2023-02-22,K36,NV3F,00878,S,10000,17.01
2023-02-22 10:52:16,2023-02-22,K36,NV3F,00878,S,3000,17.01
2023-02-22 10:52:16,2023-02-22,K36,NV3F,00878,S,5000,17.01
2023-02-22 10:52:16,2023-02-22,K36,NV3F,00878,S,1000,17.01
2023-02-22 10:52:16,2023-02-22,K36,NV3F,00878,S,1000,17.01
2023-02-22 10:52:16,2023-02-22,K36,NV3F,00878,S,3000,17.01
2023-02-22 10:52:16,2023-02-22,K36,NV3F,00878,S,2000,17.01
2023-02-22 10:52:16,2023-02-22,K36,NV3F,00878,S,1000,17.01
2023-02-22 10:52:16,2023-02-22,K36,NV3F,00878,S,1000,17.01
2023-02-22 10:52:16,2023-02-22,K36,NV3F,00878,S,1000,17.01
2023-02-22 10:52:16,2023-02-22,K36,NV3F,00878,S,1000,17.01
2023-02-22 10:52:16,2023-02-22,K36,NV3F,00878,S,10000,17.01
2023-02-22 10:52:16,2023-02-22,K36,NV3F,00878,S,2000,17.01
2023-02-22 10:52:16,2023-02-22,K36,NV3F,00878,S,1000,17.01
2023-02-22 10:52:16,2023-02-22,K36,NV3F,00878,S,3000,17.01
2023-02-22 10:52:16,2023-02-22,K36,NV3F,00878,S,2000,17.01
2023-02-22 10:52:16,2023-02-22,K36,NV3F,00878,S,1000,17.01
2023-02-22 10:52:16,2023-02-22,K36,NV3F,00878,S,1000,17.01
2023-02-22 10:52:16,2023-02-22,K36,NV3F,00878,S,10000,17.01
2023-02-22 10:52:16,2023-02-22,K36,NV3F,00878,S,1000,17.01
2023-02-22 10:52:16,2023-02-22,K36,NV3F,00878,S,1000,17.01
2023-02-22 10:52:16,2023-02-22,K36,NV3F,00878,S,10000,17.01
2023-02-22 10:52:16,2023-02-22,K36,NV3F,00878,S,1000,17.01
2023-02-22 10:52:16,2023-02-22,K36,NV3F,00878,S,1000,17.01
2023-02-22 10:52:16,2023-02-22,K36,NV3F,00878,S,5000,17.01
2023-02-22 10:52:16,2023-02-22,K36,NV3F,00878,S,5000,17.01
2023-02-22 10:52:16,2023-02-22,K36,NV3F,00878,S,5000,17.01
2023-02-22 10:52:16,2023-02-22,K36,NV3F,00878,S,2000,17.01
2023-02-22 10:52:16,2023-02-22,K36,NV3F,00878,S,1000,17.01
2023-02-22 10:52:16,2023-02-22,K36,NV3F,00878,S,1000,17.01
2023-02-22 10:52:16,2023-02-22,K36,NV3F,00878,S,5000,17.01
2023-02-22 10:52:16,2023-02-22,K36,NV3F,00878,S,1000,17.01
2023-02-22 10:52:17,2023-02-22,K36,NV3F,00878,S,1000,17.01
2023-02-22 10:52:17,2023-02-22,K36,NV3F,00878,S,1000,17.01
2023-02-22 10:52:18,2023-02-22,K36,NV3F,00878,S,5000,17.01
2023-02-22 10:52:18,2023-02-22,K36,NV3F,00878,S,1000,17.01
2023-02-22 10:52:18,2023-02-22,K36,NV3F,00878,S,1000,17.01
2023-02-22 10:52:18,2023-02-22,K36,NV3F,00878,S,3000,17.01
2023-02-22 10:52:19,2023-02-22,K36,NV3F,00878,S,2000,17.01
2023-02-22 10:52:20,2023-02-22,K36,NV3F,00878,S,2000,17.01
2023-02-22 10:52:20,2023-02-22,K36,NV3F,00878,S,3000,17.01
2023-02-22 10:52:21,2023-02-22,K36,NV3F,00878,S,10000,17.01
2023-02-22 10:52:22,2023-02-22,K36,NV3F,00878,S,1000,17.01
2023-02-22 10:52:24,2023-02-22,K36,NV3F,00878,S,2000,17.01
2023-02-22 10:52:24,2023-02-22,K36,NV3F,00878,S,1000,17.01
2023-02-22 10:52:24,2023-02-22,K36,NV3F,00878,S,1000,17.01
2023-02-22 10:52:24,2023-02-22,K36,NV3F,00878,S,2000,17.01
2023-02-22 10:52:24,2023-02-22,K36,NV3F,00878,S,2000,17.01
2023-02-22 10:52:25,2023-02-22,K36,NV3F,00878,S,50000,17.01
2023-02-22 10:52:26,2023-02-22,K36,NV3F,00878,S,2000,17.01
2023-02-22 10:52:26,2023-02-22,K36,NV3F,00878,S,3000,17.01
2023-02-22 10:52:26,2023-02-22,K36,NV3F,00878,S,4000,17.01
2023-02-22 10:52:27,2023-02-22,K36,NV3F,00878,S,5000,17.01
2023-02-22 10:52:27,2023-02-22,K36,NV3F,00878,S,1000,17.01
2023-02-22 10:52:27,2023-02-22,K36,NV3F,00878,S,1000,17.01
2023-02-22 10:52:29,2023-02-22,K36,NV3F,00878,S,1000,17.01
2023-02-22 10:52:29,2023-02-22,K36,NV3F,00878,S,1000,17.01
2023-02-22 10:52:29,2023-02-22,K36,NV3F,00878,S,1000,17.01
2023-02-22 10:52:30,2023-02-22,K36,NV3F,00878,S,1000,17.01
2023-02-22 10:52:30,2023-02-22,K36,NV3F,00878,S,1000,17.01
2023-02-22 10:52:31,2023-02-22,K36,NV3F,00878,S,5000,17.01
2023-02-22 10:52:33,2023-02-22,K36,NV3F,00878,S,3000,17.01
2023-02-22 10:52:33,2023-02-22,K36,NV3F,00878,S,1000,17.01
2023-02-22 10:52:33,2023-02-22,K36,NV3F,00878,S,2000,17.01
2023-02-22 10:52:33,2023-02-22,K36,NV3F,00878,S,1000,17.01
2023-02-22 10:52:34,2023-02-22,K36,NV3F,00878,S,1000,17.01
2023-02-22 10:52:35,2023-02-22,K36,NV3F,00878,S,5000,17.01
2023-02-22 10:52:35,2023-02-22,K36,NV3F,00878,S,1000,17.01
2023-02-22 10:52:35,2023-02-22,K36,NV3F,00878,S,1000,17.01
2023-02-22 10:52:36,2023-02-22,K36,NV3F,00878,S,1000,17.01
2023-02-22 10:52:36,2023-02-22,K36,NV3F,00878,S,1000,17.01
2023-02-22 10:52:36,2023-02-22,K36,NV3F,00878,S,1000,17.01
2023-02-22 10:52:38,2023-02-22,K36,NV3F,00878,S,3000,17.01
2023-02-22 10:52:38,2023-02-22,K36,NV3F,00878,S,1000,17.01
2023-02-22 10:52:38,2023-02-22,K36,NV3F,00878,S,3000,17.01
2023-02-22 10:52:38,2023-02-22,K36,NV3F,00878,S,1000,17.01
2023-02-22 10:52:39,2023-02-22,K36,NV3F,00878,S,1000,17.01
2023-02-22 10:52:39,2023-02-22,K36,NV3F,00878,S,1000,17.01
2023-02-22 10:52:39,2023-02-22,K36,NV3F,00878,S,1000,17.01
2023-02-22 10:52:40,2023-02-22,K36,NV3F,00878,S,1000,17.01
2023-02-22 10:52:40,2023-02-22,K36,NV3F,00878,S,2000,17.01
2023-02-22 10:52:41,2023-02-22,K36,NV3F,00878,S,1000,17.01
2023-02-22 10:52:41,2023-02-22,K36,NV3F,00878,S,1000,17.01
2023-02-22 10:52:42,2023-02-22,K36,NV3F,00878,S,1000,17.01
2023-02-22 10:52:43,2023-02-22,K36,NV3F,00878,S,1000,17.01
2023-02-22 10:52:44,2023-02-22,K36,NV3F,00878,S,2000,17.01
2023-02-22 10:52:45,2023-02-22,K36,NV3F,00878,S,1000,17.01
2023-02-22 10:52:45,2023-02-22,K36,NV3F,00878,S,1000,17.01
2023-02-22 10:52:45,2023-02-22,K36,NV3F,00878,S,5000,17.01
2023-02-22 10:52:46,2023-02-22,K36,NV3F,00878,S,5000,17.01
2023-02-22 10:52:47,2023-02-22,K36,NV3F,00878,S,2000,17.01
2023-02-22 10:52:47,2023-02-22,K36,NV3F,00878,S,3000,17.01
2023-02-22 10:52:47,2023-02-22,K36,NV3F,00878,S,2000,17.01
2023-02-22 10:52:48,2023-02-22,K36,NV3F,00878,S,2000,17.01
2023-02-22 10:52:48,2023-02-22,K36,NV3F,00878,S,1000,17.01
2023-02-22 10:52:50,2023-02-22,K36,NV3F,00878,S,2000,17.01
2023-02-22 10:52:50,2023-02-22,K36,NV3F,00878,S,2000,17.01
2023-02-22 10:52:50,2023-02-22,K36,NV3F,00878,S,1000,17.01
2023-02-22 10:52:51,2023-02-22,K36,NV3F,00878,S,1000,17.01
2023-02-22 10:52:51,2023-02-22,K36,NV3F,00878,S,1000,17.01
2023-02-22 10:52:52,2023-02-22,K36,NV3F,00878,S,1000,17.01
2023-02-22 10:52:52,2023-02-22,K36,NV3F,00878,S,2000,17.01
2023-02-22 10:52:52,2023-02-22,K36,NV3F,00878,S,1000,17.01
2023-02-22 10:52:53,2023-02-22,K36,NV3F,00878,S,1000,17.01
2023-02-22 10:52:53,2023-02-22,K36,NV3F,00878,S,1000,17.01
2023-02-22 10:52:54,2023-02-22,K36,NV3F,00878,S,1000,17.01
2023-02-22 10:52:54,2023-02-22,K36,NV3F,00878,S,2000,17.01
2023-02-22 10:52:55,2023-02-22,K36,NV3F,00878,S,1000,17.01
2023-02-22 10:52:57,2023-02-22,K36,NV3F,00878,S,2000,17.01
2023-02-22 10:52:57,2023-02-22,K36,NV3F,00878,S,1000,17.01
2023-02-22 10:52:58,2023-02-22,K36,NV3F,00878,S,1000,17.01
2023-02-22 10:52:58,2023-02-22,K44,LHDU,00632R,S,1000,5.42
2023-02-22 10:52:59,2023-02-22,K36,NV3F,00878,S,3000,17.01
2023-02-22 10:52:59,2023-02-22,K36,NV3F,00878,S,1000,17.01
2023-02-22 10:53:00,2023-02-22,K36,NV3F,00878,S,1000,17.01
2023-02-22 10:53:01,2023-02-22,K36,NV3F,00878,S,1000,17.01
2023-02-22 10:53:02,2023-02-22,K36,NV3F,00878,S,1000,17.01
2023-02-22 10:53:02,2023-02-22,K36,NV3F,00878,S,10000,17.01
2023-02-22 10:53:02,2023-02-22,K36,NV3F,00878,S,1000,17.01
2023-02-22 10:53:02,2023-02-22,K36,NV3F,00878,S,1000,17.01
2023-02-22 10:53:58,2023-02-22,K44,LHDU,00632R,S,36000,5.42
2023-02-22 10:54:34,2023-02-22,K44,LHDU,00632R,S,2000,5.42
2023-02-22 10:55:28,2023-02-22,K44,LHDU,00632R,S,7000,5.42
2023-02-22 11:07:27,2023-02-22,K44,LHDU,00632R,S,10000,5.41
2023-02-22 11:07:39,2023-02-22,K44,LHDU,00632R,S,50000,5.41
2023-02-22 11:07:42,2023-02-22,K44,LHDU,00632R,S,5000,5.41
2023-02-22 11:07:55,2023-02-22,K44,LHDU,00632R,S,10000,5.41
2023-02-22 11:08:10,2023-02-22,K44,LHDU,00632R,S,5000,5.41
2023-02-22 11:08:17,2023-02-22,K44,LHDU,00632R,S,20000,5.41
2023-02-22 11:08:18,2023-02-22,K44,LHDU,00632R,S,5000,5.41
2023-02-22 11:08:23,2023-02-22,K44,LHDU,00632R,S,50000,5.41
2023-02-22 11:08:27,2023-02-22,K44,LHDU,00632R,S,5000,5.41
2023-02-22 11:10:53,2023-02-22,K44,LHDU,00632R,S,7000,5.41
2023-02-22 11:10:56,2023-02-22,K44,LHDU,00632R,S,1000,5.41
2023-02-22 11:10:59,2023-02-22,K44,LHDU,00632R,S,20000,5.41
2023-02-22 11:11:04,2023-02-22,K44,LHDU,00632R,S,10000,5.41
2023-02-22 11:11:06,2023-02-22,K44,LHDU,00632R,S,5000,5.41
2023-02-22 11:11:41,2023-02-22,K44,LHDU,00632R,S,5000,5.41
2023-02-22 11:11:58,2023-02-22,K44,LHDU,00632R,S,20000,5.41
2023-02-22 11:12:03,2023-02-22,K44,LHDU,00632R,S,10000,5.41
2023-02-22 11:12:18,2023-02-22,K44,LHDU,00632R,S,2000,5.41
2023-02-22 11:12:25,2023-02-22,K44,LHDU,00632R,S,8000,5.41
2023-02-22 11:12:49,2023-02-22,K44,LHDU,00632R,S,10000,5.41
2023-02-22 11:12:51,2023-02-22,K44,LHDU,00632R,S,1000,5.41
2023-02-22 11:12:53,2023-02-22,K44,LHDU,00632R,S,5000,5.41
2023-02-22 11:12:55,2023-02-22,K44,LHDU,00632R,S,300000,5.41
2023-02-22 11:13:13,2023-02-22,K44,LHDU,00632R,S,1000,5.41
2023-02-22 11:13:32,2023-02-22,K44,LHDU,00632R,S,50000,5.41
2023-02-22 11:13:37,2023-02-22,K44,LHDU,00632R,S,1000,5.41
2023-02-22 11:14:20,2023-02-22,K44,LHDU,00632R,S,10000,5.41
2023-02-22 11:14:40,2023-02-22,K44,LHDU,00632R,S,5000,5.41
2023-02-22 11:14:58,2023-02-22,K44,LHDU,00632R,S,5000,5.41
2023-02-22 11:15:10,2023-02-22,K44,LHDU,00632R,S,5000,5.41
2023-02-22 11:15:20,2023-02-22,K44,LHDU,00632R,S,5000,5.41
2023-02-22 11:16:27,2023-02-22,K44,LHDU,00632R,S,5000,5.41
2023-02-22 11:16:56,2023-02-22,K44,LHDU,00632R,S,5000,5.41
2023-02-22 11:17:42,2023-02-22,K44,LHDU,00632R,S,2000,5.41
2023-02-22 11:17:42,2023-02-22,K44,LHDU,00632R,S,40000,5.41
2023-02-22 11:17:45,2023-02-22,K44,LHDU,00632R,S,3000,5.41
2023-02-22 11:17:49,2023-02-22,K44,LHDU,00632R,S,50000,5.41
2023-02-22 11:18:14,2023-02-22,K44,LHDU,00632R,S,5000,5.41
2023-02-22 11:18:18,2023-02-22,K44,LHDU,00632R,S,1000,5.41
2023-02-22 11:18:29,2023-02-22,K44,LHDU,00632R,S,2000,5.41
2023-02-22 11:20:01,2023-02-22,K44,LHDU,00632R,S,5000,5.41
2023-02-22 11:20:02,2023-02-22,K44,LHDU,00632R,S,20000,5.41
2023-02-22 11:20:09,2023-02-22,K44,LHDU,00632R,S,10000,5.41
2023-02-22 11:20:14,2023-02-22,K44,LHDU,00632R,S,3000,5.41
2023-02-22 11:20:17,2023-02-22,K44,LHDU,00632R,S,10000,5.41
2023-02-22 11:21:48,2023-02-22,K44,LHDU,00632R,S,5000,5.41
2023-02-22 11:23:01,2023-02-22,K44,LHDU,00632R,S,10000,5.41
2023-02-22 11:23:19,2023-02-22,K44,LHDU,00632R,S,5000,5.41
2023-02-22 11:23:26,2023-02-22,K44,LHDU,00632R,S,5000,5.41
2023-02-22 11:23:35,2023-02-22,K44,LHDU,00632R,S,5000,5.41
2023-02-22 11:23:47,2023-02-22,K44,LHDU,00632R,S,10000,5.41
2023-02-22 11:24:43,2023-02-22,K44,LHDU,00632R,S,5000,5.41
2023-02-22 11:24:54,2023-02-22,K44,LHDU,00632R,S,50000,5.41
2023-02-22 11:24:56,2023-02-22,K44,LHDU,00632R,S,6000,5.41
2023-02-22 11:25:21,2023-02-22,K44,LHDU,00632R,S,5000,5.41
2023-02-22 11:25:36,2023-02-22,K44,LHDU,00632R,S,50000,5.41
2023-02-22 11:27:08,2023-02-22,K44,LHDU,00632R,S,5000,5.41
2023-02-22 11:27:11,2023-02-22,K44,LHDU,00632R,S,1000,5.41
2023-02-22 11:27:21,2023-02-22,K44,LHDU,00632R,S,25000,5.41
2023-02-22 11:28:48,2023-02-22,K44,LHDU,00632R,S,5000,5.41
2023-02-22 11:28:50,2023-02-22,K44,LHDU,00632R,S,10000,5.41
2023-02-22 11:28:56,2023-02-22,K44,LHDU,00632R,S,5000,5.41
2023-02-22 11:30:44,2023-02-22,K44,LHDU,00632R,S,5000,5.41
2023-02-22 11:30:46,2023-02-22,K44,LHDU,00632R,S,2000,5.41
2023-02-22 11:31:23,2023-02-22,K44,LHDU,00632R,S,10000,5.41
2023-02-22 11:32:15,2023-02-22,K44,LHDU,00632R,S,10000,5.41
2023-02-22 11:32:31,2023-02-22,K44,LHDU,00632R,S,5000,5.41
2023-02-22 11:33:41,2023-02-22,K44,LHDU,00632R,S,5000,5.41
2023-02-22 11:34:08,2023-02-22,K44,LHDU,00632R,S,2000,5.41
2023-02-22 11:34:11,2023-02-22,K44,LHDU,00632R,S,5000,5.41
2023-02-22 11:34:18,2023-02-22,K44,LHDU,00632R,S,5000,5.41
2023-02-22 11:34:30,2023-02-22,K44,LHDU,00632R,S,3000,5.41
2023-02-22 11:34:59,2023-02-22,K44,LHDU,00632R,S,1000,5.41
2023-02-22 11:35:01,2023-02-22,K44,LHDU,00632R,S,20000,5.41
2023-02-22 11:35:27,2023-02-22,K44,LHDU,00632R,S,20000,5.41
2023-02-22 11:36:05,2023-02-22,K44,LHDU,00632R,S,5000,5.41
2023-02-22 11:36:54,2023-02-22,K44,LHDU,00632R,S,44000,5.41
2023-02-22 11:56:49,2023-02-22,K44,LHDU,00632R,S,17000,5.41
2023-02-22 11:57:17,2023-02-22,K44,LHDU,00632R,S,1000,5.41
2023-02-22 11:57:30,2023-02-22,K44,LHDU,00632R,S,5000,5.41
2023-02-22 11:59:17,2023-02-22,K44,LHDU,00632R,S,5000,5.41
2023-02-22 11:59:25,2023-02-22,K44,LHDU,00632R,S,5000,5.4
2023-02-22 11:59:25,2023-02-22,K44,LHDU,00632R,S,69000,5.4
2023-02-22 11:59:25,2023-02-22,K44,LHDU,00632R,S,232000,5.4
2023-02-22 11:59:25,2023-02-22,K44,LHDU,00632R,S,30000,5.4
2023-02-22 11:59:25,2023-02-22,K44,LHDU,00632R,S,1000,5.4
2023-02-22 11:59:25,2023-02-22,K44,LHDU,00632R,S,50000,5.4
2023-02-22 11:59:25,2023-02-22,K44,LHDU,00632R,S,10000,5.4
2023-02-22 11:59:25,2023-02-22,K44,LHDU,00632R,S,10000,5.4
2023-02-22 11:59:25,2023-02-22,K44,LHDU,00632R,S,1000,5.4
2023-02-22 11:59:25,2023-02-22,K44,LHDU,00632R,S,30000,5.4
2023-02-22 11:59:25,2023-02-22,K44,LHDU,00632R,S,30000,5.4
2023-02-22 11:59:25,2023-02-22,K44,LHDU,00632R,S,30000,5.4
2023-02-22 11:59:31,2023-02-22,K44,LHDU,00632R,S,31000,5.4
2023-02-22 11:59:31,2023-02-22,K44,LHDU,00632R,S,1000,5.4
2023-02-22 11:59:31,2023-02-22,K44,LHDU,00632R,S,1000,5.4
2023-02-22 11:59:31,2023-02-22,K44,LHDU,00632R,S,30000,5.4
2023-02-22 11:59:31,2023-02-22,K44,LHDU,00632R,S,2000,5.4
2023-02-22 11:59:31,2023-02-22,K44,LHDU,00632R,S,1000,5.4
2023-02-22 11:59:31,2023-02-22,K44,LHDU,00632R,S,30000,5.4
2023-02-22 11:59:31,2023-02-22,K44,LHDU,00632R,S,4000,5.4
2023-02-22 11:59:31,2023-02-22,K44,LHDU,00632R,S,80000,5.4
2023-02-22 11:59:31,2023-02-22,K44,LHDU,00632R,S,50000,5.4
2023-02-22 11:59:31,2023-02-22,K44,LHDU,00632R,S,2000,5.4
2023-02-22 11:59:31,2023-02-22,K44,LHDU,00632R,S,25000,5.4
2023-02-22 11:59:31,2023-02-22,K44,LHDU,00632R,S,5000,5.4
2023-02-22 11:59:31,2023-02-22,K44,LHDU,00632R,S,100000,5.4
2023-02-22 11:59:31,2023-02-22,K44,LHDU,00632R,S,10000,5.4
2023-02-22 11:59:31,2023-02-22,K44,LHDU,00632R,S,2000,5.4
2023-02-22 11:59:31,2023-02-22,K44,LHDU,00632R,S,2000,5.4
2023-02-22 11:59:31,2023-02-22,K44,LHDU,00632R,S,10000,5.4
2023-02-22 11:59:31,2023-02-22,K44,LHDU,00632R,S,1000,5.4
2023-02-22 11:59:31,2023-02-22,K44,LHDU,00632R,S,6000,5.4
2023-02-22 11:59:31,2023-02-22,K44,LHDU,00632R,S,5000,5.4
2023-02-22 11:59:31,2023-02-22,K44,LHDU,00632R,S,6000,5.4
2023-02-22 11:59:31,2023-02-22,K44,LHDU,00632R,S,4000,5.4
2023-02-22 11:59:31,2023-02-22,K44,LHDU,00632R,S,10000,5.4
2023-02-22 11:59:31,2023-02-22,K44,LHDU,00632R,S,20000,5.4
2023-02-22 11:59:31,2023-02-22,K44,LHDU,00632R,S,2000,5.4
2023-02-22 11:59:31,2023-02-22,K44,LHDU,00632R,S,1000,5.4
2023-02-22 11:59:31,2023-02-22,K44,LHDU,00632R,S,8000,5.4
2023-02-22 11:59:31,2023-02-22,K44,LHDU,00632R,S,49000,5.4
2023-02-22 11:59:35,2023-02-22,K44,LHDU,00632R,S,201000,5.4
2023-02-22 11:59:35,2023-02-22,K44,LHDU,00632R,S,2000,5.4
2023-02-22 11:59:35,2023-02-22,K44,LHDU,00632R,S,20000,5.4
2023-02-22 11:59:35,2023-02-22,K44,LHDU,00632R,S,10000,5.4
2023-02-22 11:59:35,2023-02-22,K44,LHDU,00632R,S,40000,5.4
2023-02-22 11:59:35,2023-02-22,K44,LHDU,00632R,S,3000,5.4
2023-02-22 11:59:35,2023-02-22,K44,LHDU,00632R,S,2000,5.4
2023-02-22 11:59:35,2023-02-22,K44,LHDU,00632R,S,15000,5.4
2023-02-22 11:59:35,2023-02-22,K44,LHDU,00632R,S,2000,5.4
2023-02-22 11:59:35,2023-02-22,K44,LHDU,00632R,S,1000,5.4
2023-02-22 11:59:35,2023-02-22,K44,LHDU,00632R,S,10000,5.4
2023-02-22 11:59:35,2023-02-22,K44,LHDU,00632R,S,10000,5.4
2023-02-22 11:59:35,2023-02-22,K44,LHDU,00632R,S,2000,5.4
2023-02-22 11:59:35,2023-02-22,K44,LHDU,00632R,S,5000,5.4
2023-02-22 11:59:35,2023-02-22,K44,LHDU,00632R,S,20000,5.4
2023-02-22 11:59:35,2023-02-22,K44,LHDU,00632R,S,6000,5.4
2023-02-22 11:59:35,2023-02-22,K44,LHDU,00632R,S,100000,5.4
2023-02-22 11:59:35,2023-02-22,K44,LHDU,00632R,S,5000,5.4
2023-02-22 11:59:35,2023-02-22,K44,LHDU,00632R,S,2000,5.4
2023-02-22 11:59:35,2023-02-22,K44,LHDU,00632R,S,2000,5.4
2023-02-22 11:59:35,2023-02-22,K44,LHDU,00632R,S,30000,5.4
2023-02-22 11:59:35,2023-02-22,K44,LHDU,00632R,S,1000,5.4
2023-02-22 11:59:35,2023-02-22,K44,LHDU,00632R,S,9000,5.4
2023-02-22 11:59:41,2023-02-22,K44,LHDU,00632R,S,28000,5.4
2023-02-22 11:59:41,2023-02-22,K44,LHDU,00632R,S,10000,5.4
2023-02-22 11:59:41,2023-02-22,K44,LHDU,00632R,S,52000,5.4
2023-02-22 11:59:41,2023-02-22,K44,LHDU,00632R,S,5000,5.4
2023-02-22 11:59:41,2023-02-22,K44,LHDU,00632R,S,5000,5.4
2023-02-22 11:59:41,2023-02-22,K44,LHDU,00632R,S,10000,5.4
2023-02-22 11:59:41,2023-02-22,K44,LHDU,00632R,S,2000,5.4
2023-02-22 11:59:41,2023-02-22,K44,LHDU,00632R,S,20000,5.4
2023-02-22 11:59:41,2023-02-22,K44,LHDU,00632R,S,40000,5.4
2023-02-22 11:59:41,2023-02-22,K44,LHDU,00632R,S,20000,5.4
2023-02-22 11:59:41,2023-02-22,K44,LHDU,00632R,S,2000,5.4
2023-02-22 11:59:41,2023-02-22,K44,LHDU,00632R,S,10000,5.4
2023-02-22 11:59:41,2023-02-22,K44,LHDU,00632R,S,10000,5.4
2023-02-22 11:59:41,2023-02-22,K44,LHDU,00632R,S,10000,5.4
2023-02-22 11:59:41,2023-02-22,K44,LHDU,00632R,S,9000,5.4
2023-02-22 11:59:41,2023-02-22,K44,LHDU,00632R,S,5000,5.4
2023-02-22 11:59:41,2023-02-22,K44,LHDU,00632R,S,5000,5.4
2023-02-22 11:59:41,2023-02-22,K44,LHDU,00632R,S,4000,5.4
2023-02-22 11:59:41,2023-02-22,K44,LHDU,00632R,S,10000,5.4
2023-02-22 11:59:41,2023-02-22,K44,LHDU,00632R,S,5000,5.4
2023-02-22 11:59:41,2023-02-22,K44,LHDU,00632R,S,50000,5.4
2023-02-22 11:59:41,2023-02-22,K44,LHDU,00632R,S,10000,5.4
2023-02-22 11:59:41,2023-02-22,K44,LHDU,00632R,S,10000,5.4
2023-02-22 11:59:41,2023-02-22,K44,LHDU,00632R,S,20000,5.4
2023-02-22 11:59:41,2023-02-22,K44,LHDU,00632R,S,20000,5.4
2023-02-22 11:59:41,2023-02-22,K44,LHDU,00632R,S,5000,5.4
2023-02-22 11:59:41,2023-02-22,K44,LHDU,00632R,S,20000,5.4
2023-02-22 11:59:41,2023-02-22,K44,LHDU,00632R,S,20000,5.4
2023-02-22 11:59:41,2023-02-22,K44,LHDU,00632R,S,10000,5.4
2023-02-22 11:59:41,2023-02-22,K44,LHDU,00632R,S,5000,5.4
2023-02-22 11:59:41,2023-02-22,K44,LHDU,00632R,S,50000,5.4
2023-02-22 11:59:41,2023-02-22,K44,LHDU,00632R,S,16000,5.4
2023-02-22 11:59:45,2023-02-22,K44,LHDU,00632R,S,3000,5.4
2023-02-22 11:59:45,2023-02-22,K44,LHDU,00632R,S,3000,5.4
2023-02-22 11:59:45,2023-02-22,K44,LHDU,00632R,S,10000,5.4
2023-02-22 11:59:45,2023-02-22,K44,LHDU,00632R,S,1000,5.4
2023-02-22 11:59:45,2023-02-22,K44,LHDU,00632R,S,5000,5.4
2023-02-22 11:59:45,2023-02-22,K44,LHDU,00632R,S,1000,5.4
2023-02-22 11:59:45,2023-02-22,K44,LHDU,00632R,S,100000,5.4
2023-02-22 11:59:45,2023-02-22,K44,LHDU,00632R,S,5000,5.4
2023-02-22 11:59:45,2023-02-22,K44,LHDU,00632R,S,10000,5.4
2023-02-22 11:59:45,2023-02-22,K44,LHDU,00632R,S,30000,5.4
2023-02-22 11:59:45,2023-02-22,K44,LHDU,00632R,S,2000,5.4
2023-02-22 11:59:45,2023-02-22,K44,LHDU,00632R,S,5000,5.4
2023-02-22 11:59:45,2023-02-22,K44,LHDU,00632R,S,5000,5.4
2023-02-22 11:59:45,2023-02-22,K44,LHDU,00632R,S,318000,5.4
2023-02-22 11:59:51,2023-02-22,K44,LHDU,00632R,S,76000,5.4
2023-02-22 11:59:51,2023-02-22,K44,LHDU,00632R,S,10000,5.4
2023-02-22 11:59:51,2023-02-22,K44,LHDU,00632R,S,5000,5.4
2023-02-22 11:59:51,2023-02-22,K44,LHDU,00632R,S,1000,5.4
2023-02-22 11:59:51,2023-02-22,K44,LHDU,00632R,S,20000,5.4
2023-02-22 11:59:51,2023-02-22,K44,LHDU,00632R,S,1000,5.4
2023-02-22 11:59:51,2023-02-22,K44,LHDU,00632R,S,25000,5.4
2023-02-22 11:59:51,2023-02-22,K44,LHDU,00632R,S,5000,5.4
2023-02-22 11:59:51,2023-02-22,K44,LHDU,00632R,S,10000,5.4
2023-02-22 11:59:51,2023-02-22,K44,LHDU,00632R,S,30000,5.4
2023-02-22 11:59:51,2023-02-22,K44,LHDU,00632R,S,1000,5.4
2023-02-22 11:59:51,2023-02-22,K44,LHDU,00632R,S,20000,5.4
2023-02-22 11:59:51,2023-02-22,K44,LHDU,00632R,S,5000,5.4
2023-02-22 11:59:51,2023-02-22,K44,LHDU,00632R,S,10000,5.4
2023-02-22 11:59:51,2023-02-22,K44,LHDU,00632R,S,6000,5.4
2023-02-22 11:59:51,2023-02-22,K44,LHDU,00632R,S,5000,5.4
2023-02-22 11:59:51,2023-02-22,K44,LHDU,00632R,S,3000,5.4
2023-02-22 11:59:51,2023-02-22,K44,LHDU,00632R,S,1000,5.4
2023-02-22 11:59:51,2023-02-22,K44,LHDU,00632R,S,5000,5.4
2023-02-22 11:59:51,2023-02-22,K44,LHDU,00632R,S,5000,5.4
2023-02-22 11:59:51,2023-02-22,K44,LHDU,00632R,S,10000,5.4
2023-02-22 11:59:51,2023-02-22,K44,LHDU,00632R,S,10000,5.4
2023-02-22 11:59:51,2023-02-22,K44,LHDU,00632R,S,10000,5.4
2023-02-22 11:59:51,2023-02-22,K44,LHDU,00632R,S,1000,5.4
2023-02-22 11:59:51,2023-02-22,K44,LHDU,00632R,S,10000,5.4
2023-02-22 11:59:51,2023-02-22,K44,LHDU,00632R,S,2000,5.4
2023-02-22 11:59:51,2023-02-22,K44,LHDU,00632R,S,10000,5.4
2023-02-22 11:59:51,2023-02-22,K44,LHDU,00632R,S,10000,5.4
2023-02-22 11:59:51,2023-02-22,K44,LHDU,00632R,S,90000,5.4
2023-02-22 11:59:51,2023-02-22,K44,LHDU,00632R,S,10000,5.4
2023-02-22 11:59:51,2023-02-22,K44,LHDU,00632R,S,91000,5.4
2023-02-22 11:59:55,2023-02-22,K44,LHDU,00632R,S,77000,5.4
2023-02-22 11:59:55,2023-02-22,K44,LHDU,00632R,S,30000,5.4
2023-02-22 11:59:55,2023-02-22,K44,LHDU,00632R,S,12000,5.4
2023-02-22 11:59:55,2023-02-22,K44,LHDU,00632R,S,3000,5.4
2023-02-22 11:59:55,2023-02-22,K44,LHDU,00632R,S,3000,5.4
2023-02-22 11:59:55,2023-02-22,K44,LHDU,00632R,S,1000,5.4
2023-02-22 11:59:55,2023-02-22,K44,LHDU,00632R,S,249000,5.4
2023-02-22 11:59:55,2023-02-22,K44,LHDU,00632R,S,5000,5.4
2023-02-22 11:59:55,2023-02-22,K44,LHDU,00632R,S,5000,5.4
2023-02-22 11:59:55,2023-02-22,K44,LHDU,00632R,S,5000,5.4
2023-02-22 11:59:55,2023-02-22,K44,LHDU,00632R,S,108000,5.4
2023-02-22 12:00:01,2023-02-22,K44,LHDU,00632R,S,70000,5.4
2023-02-22 12:00:01,2023-02-22,K44,LHDU,00632R,S,20000,5.4
2023-02-22 12:00:01,2023-02-22,K44,LHDU,00632R,S,18000,5.4
2023-02-22 12:00:01,2023-02-22,K44,LHDU,00632R,S,4000,5.4
2023-02-22 12:00:01,2023-02-22,K44,LHDU,00632R,S,1000,5.4
2023-02-22 12:00:01,2023-02-22,K44,LHDU,00632R,S,100000,5.4
2023-02-22 12:00:01,2023-02-22,K44,LHDU,00632R,S,10000,5.4
2023-02-22 12:00:01,2023-02-22,K44,LHDU,00632R,S,1000,5.4
2023-02-22 12:00:01,2023-02-22,K44,LHDU,00632R,S,2000,5.4
2023-02-22 12:00:01,2023-02-22,K44,LHDU,00632R,S,20000,5.4
2023-02-22 12:00:01,2023-02-22,K44,LHDU,00632R,S,100000,5.4
2023-02-22 12:00:01,2023-02-22,K44,LHDU,00632R,S,20000,5.4
2023-02-22 12:00:01,2023-02-22,K44,LHDU,00632R,S,100000,5.4
2023-02-22 12:00:01,2023-02-22,K44,LHDU,00632R,S,20000,5.4
2023-02-22 12:00:01,2023-02-22,K44,LHDU,00632R,S,12000,5.4
2023-02-22 12:00:05,2023-02-22,K44,LHDU,00632R,S,20000,5.4
2023-02-22 12:00:05,2023-02-22,K44,LHDU,00632R,S,200000,5.4
2023-02-22 12:00:05,2023-02-22,K44,LHDU,00632R,S,5000,5.4
2023-02-22 12:00:05,2023-02-22,K44,LHDU,00632R,S,61000,5.4
2023-02-22 12:00:05,2023-02-22,K44,LHDU,00632R,S,88000,5.4
2023-02-22 12:00:05,2023-02-22,K44,LHDU,00632R,S,30000,5.4
2023-02-22 12:00:05,2023-02-22,K44,LHDU,00632R,S,93000,5.4
2023-02-22 12:00:05,2023-02-22,K44,LHDU,00632R,S,1000,5.4
2023-02-22 12:00:11,2023-02-22,K44,LHDU,00632R,S,19000,5.4
2023-02-22 12:00:11,2023-02-22,K44,LHDU,00632R,S,5000,5.4
2023-02-22 12:00:11,2023-02-22,K44,LHDU,00632R,S,5000,5.4
2023-02-22 12:00:11,2023-02-22,K44,LHDU,00632R,S,40000,5.4
2023-02-22 12:00:11,2023-02-22,K44,LHDU,00632R,S,20000,5.4
2023-02-22 12:00:11,2023-02-22,K44,LHDU,00632R,S,50000,5.4
2023-02-22 12:00:11,2023-02-22,K44,LHDU,00632R,S,50000,5.4
2023-02-22 12:00:11,2023-02-22,K44,LHDU,00632R,S,5000,5.4
2023-02-22 12:00:11,2023-02-22,K44,LHDU,00632R,S,40000,5.4
2023-02-22 12:00:11,2023-02-22,K44,LHDU,00632R,S,5000,5.4
2023-02-22 12:00:11,2023-02-22,K44,LHDU,00632R,S,240000,5.4
2023-02-22 12:00:11,2023-02-22,K44,LHDU,00632R,S,19000,5.4
2023-02-22 12:00:15,2023-02-22,K44,LHDU,00632R,S,1000,5.4
2023-02-22 12:00:15,2023-02-22,K44,LHDU,00632R,S,9000,5.4
2023-02-22 12:55:43,2023-02-22,K44,LHDU,00632R,S,367000,5.41
2023-02-22 12:55:43,2023-02-22,K44,LHDU,00632R,S,100000,5.41
2023-02-22 12:55:43,2023-02-22,K44,LHDU,00632R,S,31000,5.41
2023-02-22 12:55:47,2023-02-22,K44,LHDU,00632R,S,16000,5.41
2023-02-22 12:55:47,2023-02-22,K44,LHDU,00632R,S,20000,5.41
2023-02-22 12:55:47,2023-02-22,K44,LHDU,00632R,S,6000,5.41
2023-02-22 12:55:47,2023-02-22,K44,LHDU,00632R,S,50000,5.41
2023-02-22 12:55:47,2023-02-22,K44,LHDU,00632R,S,10000,5.41
2023-02-22 12:55:47,2023-02-22,K44,LHDU,00632R,S,396000,5.41
